17:42:38 [batiments] téléchargement…
17:42:38   -> https://overpass-api.de/api/interpreter
17:42:45      échec : HTTP 504 
17:42:48 [batiments] téléchargement…
17:42:48   -> https://overpass-api.de/api/interpreter
17:42:55      échec : HTTP 504 
17:43:00 [batiments] téléchargement…
17:43:00   -> https://overpass-api.de/api/interpreter
17:43:05   -> https://overpass.private.coffee/api/interpreter
17:43:08      échec : HTTP 504 
17:43:15   -> https://overpass.private.coffee/api/interpreter
17:43:16 [batiments] téléchargement…
17:43:16   -> https://overpass-api.de/api/interpreter
17:43:24      échec : HTTP 504 
17:43:28   -> https://overpass.private.coffee/api/interpreter
17:43:42 [batiments] téléchargement…
17:43:42   -> https://overpass-api.de/api/interpreter
17:43:44   -> https://overpass.private.coffee/api/interpreter
17:43:50      échec : HTTP 504 
17:44:10   -> https://overpass.private.coffee/api/interpreter
17:47:29   (attention : vérification SSL désactivée, le certificat n'a pas pu être validé)
17:47:29 [routes] téléchargement…
17:47:29   -> https://overpass-api.de/api/interpreter
17:47:36      échec : HTTP 504 
17:47:56   -> https://overpass.private.coffee/api/interpreter
17:47:57   (attention : vérification SSL désactivée, le certificat n'a pas pu être validé)
17:47:57 [routes] téléchargement…
17:47:57   -> https://overpass-api.de/api/interpreter
17:47:59 [zones] téléchargement…
17:47:59   -> https://overpass-api.de/api/interpreter
17:48:02 [lieux] téléchargement…
17:48:02   -> https://overpass-api.de/api/interpreter
17:48:07 [noms] téléchargement…
17:48:07   -> https://overpass-api.de/api/interpreter
17:48:14      échec : HTTP 504 
17:48:34   -> https://overpass.private.coffee/api/interpreter
17:48:36      échec : HTTP 504 
17:48:45      échec : HTTP 0 Operation timed out after 170002 milliseconds with 0 bytes received
17:48:45   -> https://overpass.kumi.systems/api/interpreter
17:48:55      échec : HTTP 0 Operation timed out after 170000 milliseconds with 0 bytes received
17:48:55   -> https://overpass.kumi.systems/api/interpreter
17:48:56   -> https://overpass.kumi.systems/api/interpreter
17:50:25 [routes] déjà téléchargé (cache)
17:50:25 [zones] déjà téléchargé (cache)
17:50:25 [lieux] déjà téléchargé (cache)
17:50:25 [noms] téléchargement…
17:50:25   -> https://overpass-api.de/api/interpreter
17:50:28 [commerces] téléchargement…
17:50:28   -> https://overpass-api.de/api/interpreter
17:50:34      échec : HTTP 504 
17:50:35      échec : HTTP 504 
17:50:46      échec : HTTP 504 
17:50:54   -> https://overpass.private.coffee/api/interpreter
17:50:55   -> https://maps.mail.ru/osm/tools/overpass/api/interpreter
17:50:56      échec : HTTP 504 
17:51:06   -> https://maps.mail.ru/osm/tools/overpass/api/interpreter
17:51:16   -> https://overpass-api.de/api/interpreter
17:51:20 [routes] déjà téléchargé (cache)
17:51:20 [zones] déjà téléchargé (cache)
17:51:20 [lieux] déjà téléchargé (cache)
17:51:20 [noms] déjà téléchargé (cache)
17:51:20 [commerces] téléchargement…
17:51:20   -> https://overpass-api.de/api/interpreter
17:51:27      échec : HTTP 504 
17:51:47   -> https://overpass.private.coffee/api/interpreter
17:51:50      échec : HTTP 504 
17:51:54   (attention : vérification SSL désactivée, le certificat n'a pas pu être validé)
17:51:54 [zones] déjà téléchargé (cache)
17:51:54 [lieux] déjà téléchargé (cache)
17:51:54 [noms] déjà téléchargé (cache)
17:51:54 [commerces] téléchargement…
17:51:54   -> https://overpass-api.de/api/interpreter
17:51:56 [sommets] téléchargement…
17:51:56   -> https://overpass-api.de/api/interpreter
17:52:03      échec : HTTP 504 
17:52:10   -> https://overpass-api.de/api/interpreter
17:52:18 [routes] déjà téléchargé (cache)
17:52:18 [zones] déjà téléchargé (cache)
17:52:18 [lieux] déjà téléchargé (cache)
17:52:18 [noms] déjà téléchargé (cache)
17:52:18 [commerces] déjà téléchargé (cache)
17:52:18 [sommets] téléchargement…
17:52:18   -> https://overpass-api.de/api/interpreter
17:52:23   -> https://overpass.private.coffee/api/interpreter
17:52:25      échec : HTTP 504 
17:52:43   (attention : vérification SSL désactivée, le certificat n'a pas pu être validé)
17:52:43 [commerces] déjà téléchargé (cache)
17:52:43 [sommets] téléchargement…
17:52:43   -> https://overpass-api.de/api/interpreter
17:52:45   -> https://overpass.private.coffee/api/interpreter
17:52:54      échec : HTTP 504 
17:53:14   -> https://overpass.private.coffee/api/interpreter
17:54:11 [numeros] téléchargement…
17:54:11   -> https://overpass-api.de/api/interpreter
17:54:16 [mobilier2] téléchargement…
17:54:16   -> https://overpass-api.de/api/interpreter
17:54:19 [mobilier3] téléchargement…
17:54:19   -> https://overpass-api.de/api/interpreter
17:54:26      échec : HTTP 504 
17:54:45   (attention : vérification SSL désactivée, le certificat n'a pas pu être validé)
17:54:45 [sommets] déjà téléchargé (cache)
17:54:45 [numeros] déjà téléchargé (cache)
17:54:45 [mobilier2] déjà téléchargé (cache)
17:54:45 [mobilier3] téléchargement…
17:54:45   -> https://overpass-api.de/api/interpreter
17:54:46   -> https://overpass.private.coffee/api/interpreter
17:54:58      échec : HTTP 504 
17:55:18   -> https://overpass.private.coffee/api/interpreter
17:56:18      échec : HTTP 504 
17:56:26 [arbres] téléchargement…
17:56:26   -> https://overpass-api.de/api/interpreter
17:56:33      échec : HTTP 504 
17:56:38   -> https://overpass.kumi.systems/api/interpreter
17:56:45      échec : HTTP 504 
17:56:49      échec : HTTP 504 
17:56:53   -> https://overpass.private.coffee/api/interpreter
17:57:05   -> https://overpass.kumi.systems/api/interpreter
17:57:09   -> https://overpass.kumi.systems/api/interpreter
17:57:23      échec : HTTP 504 
17:57:31 [sommets] déjà téléchargé (cache)
17:57:31 [numeros] déjà téléchargé (cache)
17:57:31 [mobilier2] déjà téléchargé (cache)
17:57:31 [mobilier3] déjà téléchargé (cache)
17:57:31 [arbres] téléchargement…
17:57:31   -> https://overpass-api.de/api/interpreter
17:57:38      échec : HTTP 504 
17:57:43   -> https://overpass.kumi.systems/api/interpreter
17:57:58   -> https://overpass.private.coffee/api/interpreter
17:58:00 [arbres] téléchargement…
17:58:00   -> https://overpass-api.de/api/interpreter
17:58:02 [relief] tuiles AWS Terrarium…
17:58:03   tuile 13/3977/2829 ok
17:58:03   tuile 13/3977/2830 ok
17:58:04   tuile 13/3977/2831 ok
17:58:04   tuile 13/3977/2832 ok
17:58:05   tuile 13/3977/2833 ok
17:58:05   tuile 13/3977/2834 ok
17:58:06   tuile 13/3978/2829 ok
17:58:06   tuile 13/3978/2830 ok
17:58:07   tuile 13/3978/2831 ok
17:58:07   tuile 13/3978/2832 ok
17:58:08   tuile 13/3978/2833 ok
17:58:09   tuile 13/3978/2834 ok
17:58:09   tuile 13/3979/2829 ok
17:58:10   tuile 13/3979/2830 ok
17:58:10   tuile 13/3979/2831 ok
17:58:11   tuile 13/3979/2832 ok
17:58:12   tuile 13/3979/2833 ok
17:58:12   tuile 13/3979/2834 ok
17:58:13   tuile 13/3980/2829 ok
17:58:13   tuile 13/3980/2830 ok
17:58:14   tuile 13/3980/2831 ok
17:58:15   tuile 13/3980/2832 ok
17:58:15   tuile 13/3980/2833 ok
17:58:16   tuile 13/3980/2834 ok
17:58:16   tuile 13/3981/2829 ok
17:58:17   tuile 13/3981/2830 ok
17:58:17   tuile 13/3981/2831 ok
17:58:18   tuile 13/3981/2832 ok
17:58:19   tuile 13/3981/2833 ok
17:58:19   tuile 13/3981/2834 ok
17:58:20   tuile 13/3982/2829 ok
17:58:20   tuile 13/3982/2830 ok
17:58:21   tuile 13/3982/2831 ok
17:58:21   tuile 13/3982/2832 ok
17:58:22   tuile 13/3982/2833 ok
17:58:22   tuile 13/3982/2834 ok
17:58:23   tuile 13/3983/2829 ok
17:58:23   tuile 13/3983/2830 ok
17:58:24   tuile 13/3983/2831 ok
17:58:24   tuile 13/3983/2832 ok
17:58:25   tuile 13/3983/2833 ok
17:58:25 [numeros] déjà téléchargé (cache)
17:58:25 [mobilier2] déjà téléchargé (cache)
17:58:25 [mobilier3] déjà téléchargé (cache)
17:58:25 [arbres] déjà téléchargé (cache)
17:58:25 [relief] tuiles AWS Terrarium…
17:58:25   tuile 13/3983/2834 ok
17:58:25 [orthophoto] tuiles IGN…
17:58:26   tuile 13/3983/2834 ok
17:58:26 [orthophoto] tuiles IGN…
17:58:27   orthophoto 16/31827/22640 ok
17:58:27   orthophoto 16/31827/22640 ok
17:58:27   orthophoto 16/31827/22641 ok
17:58:28   orthophoto 16/31827/22641 ok
17:58:28   orthophoto 16/31827/22642 ok
17:58:28   orthophoto 16/31827/22642 ok
17:58:28   orthophoto 16/31827/22643 ok
17:58:29   orthophoto 16/31827/22643 ok
17:58:29   orthophoto 16/31827/22644 ok
17:58:29   orthophoto 16/31827/22644 ok
17:58:29   orthophoto 16/31827/22645 ok
17:58:30   orthophoto 16/31827/22645 ok
17:58:30   orthophoto 16/31827/22646 ok
17:58:30   orthophoto 16/31827/22646 ok
17:58:31   orthophoto 16/31827/22647 ok
17:58:31   orthophoto 16/31827/22647 ok
17:58:31   orthophoto 16/31827/22648 ok
17:58:32   orthophoto 16/31827/22648 ok
17:58:32   orthophoto 16/31827/22649 ok
17:58:32   orthophoto 16/31827/22650 ok
17:58:32   orthophoto 16/31827/22649 ok
17:58:33   orthophoto 16/31827/22651 ok
17:58:33   orthophoto 16/31827/22651 ok
17:58:33   orthophoto 16/31827/22652 ok
17:58:33   orthophoto 16/31827/22652 ok
17:58:34   orthophoto 16/31827/22653 ok
17:58:34   orthophoto 16/31827/22653 ok
17:58:34   orthophoto 16/31827/22654 ok
17:58:34   orthophoto 16/31827/22654 ok
17:58:35   orthophoto 16/31827/22655 ok
17:58:35   orthophoto 16/31827/22655 ok
17:58:35   orthophoto 16/31827/22656 ok
17:58:35   orthophoto 16/31827/22656 ok
17:58:36   orthophoto 16/31827/22657 ok
17:58:36   orthophoto 16/31827/22657 ok
17:58:36   orthophoto 16/31827/22658 ok
17:58:37   orthophoto 16/31827/22659 ok
17:58:37   orthophoto 16/31827/22659 ok
17:58:37   orthophoto 16/31827/22660 ok
17:58:37   orthophoto 16/31827/22660 ok
17:58:38   orthophoto 16/31827/22661 ok
17:58:38   orthophoto 16/31827/22661 ok
17:58:38   orthophoto 16/31827/22662 ok
17:58:38 [numeros] déjà téléchargé (cache)
17:58:38 [mobilier2] déjà téléchargé (cache)
17:58:38 [mobilier3] déjà téléchargé (cache)
17:58:38 [arbres] déjà téléchargé (cache)
17:58:38 [relief] tuiles AWS Terrarium…
17:58:38 [orthophoto] tuiles IGN…
17:58:38   orthophoto 16/31827/22662 ok
17:58:39   orthophoto 16/31827/22663 ok
17:58:39   orthophoto 16/31827/22663 ok
17:58:39   orthophoto 16/31827/22663 ok
17:58:39   orthophoto 16/31827/22664 ok
17:58:40   orthophoto 16/31827/22664 ok
17:58:40   orthophoto 16/31827/22664 ok
17:58:40   orthophoto 16/31827/22665 ok
17:58:40   orthophoto 16/31827/22665 ok
17:58:41   orthophoto 16/31827/22665 ok
17:58:41   orthophoto 16/31827/22666 ok
17:58:41   orthophoto 16/31827/22666 ok
17:58:41   orthophoto 16/31827/22667 ok
17:58:41   orthophoto 16/31827/22666 ok
17:58:42   orthophoto 16/31827/22668 ok
17:58:42   orthophoto 16/31827/22667 ok
17:58:42   orthophoto 16/31827/22668 ok
17:58:42   orthophoto 16/31827/22669 ok
17:58:42   orthophoto 16/31827/22669 ok
17:58:43   orthophoto 16/31827/22669 ok
17:58:43   orthophoto 16/31827/22670 ok
17:58:43   orthophoto 16/31827/22670 ok
17:58:43   orthophoto 16/31827/22670 ok
17:58:43   orthophoto 16/31828/22640 ok
17:58:44   orthophoto 16/31828/22640 ok
17:58:44   orthophoto 16/31828/22640 ok
17:58:44   orthophoto 16/31828/22641 ok
17:58:45   orthophoto 16/31828/22641 ok
17:58:45   orthophoto 16/31828/22641 ok
17:58:45   orthophoto 16/31828/22642 ok
17:58:45   orthophoto 16/31828/22642 ok
17:58:45   orthophoto 16/31828/22643 ok
17:58:45   orthophoto 16/31828/22642 ok
17:58:46   orthophoto 16/31828/22643 ok
17:58:46   orthophoto 16/31828/22644 ok
17:58:46   orthophoto 16/31828/22644 ok
17:58:46   orthophoto 16/31828/22644 ok
17:58:46   orthophoto 16/31828/22645 ok
17:58:46   orthophoto 16/31828/22645 ok
17:58:47   orthophoto 16/31828/22645 ok
17:58:47   orthophoto 16/31828/22646 ok
17:58:47   orthophoto 16/31828/22646 ok
17:58:47   orthophoto 16/31828/22647 ok
17:58:48   orthophoto 16/31828/22646 ok
17:58:48   orthophoto 16/31828/22647 ok
17:58:48   orthophoto 16/31828/22648 ok
17:58:48   orthophoto 16/31828/22648 ok
17:58:48   orthophoto 16/31828/22648 ok
17:58:49   orthophoto 16/31828/22649 ok
17:58:49   orthophoto 16/31828/22649 ok
17:58:49   orthophoto 16/31828/22650 ok
17:58:49   orthophoto 16/31828/22649 ok
17:58:49   orthophoto 16/31828/22650 ok
17:58:50   orthophoto 16/31828/22651 ok
17:58:50   orthophoto 16/31828/22651 ok
17:58:50   orthophoto 16/31828/22651 ok
17:58:50   orthophoto 16/31828/22652 ok
17:58:51   orthophoto 16/31828/22652 ok
17:58:51   orthophoto 16/31828/22652 ok
17:58:51   orthophoto 16/31828/22653 ok
17:58:51   orthophoto 16/31828/22653 ok
17:58:51   orthophoto 16/31828/22653 ok
17:58:51   orthophoto 16/31828/22654 ok
17:58:52   orthophoto 16/31828/22654 ok
17:58:52   orthophoto 16/31828/22654 ok
17:58:52   orthophoto 16/31828/22655 ok
17:58:52   orthophoto 16/31828/22655 ok
17:58:53   orthophoto 16/31828/22655 ok
17:58:53   orthophoto 16/31828/22656 ok
17:58:53   orthophoto 16/31828/22656 ok
17:58:53   orthophoto 16/31828/22656 ok
17:58:53   orthophoto 16/31828/22657 ok
17:58:54   orthophoto 16/31828/22658 ok
17:58:54   orthophoto 16/31828/22657 ok
17:58:54   orthophoto 16/31828/22657 ok
17:58:54   orthophoto 16/31828/22659 ok
17:58:54   orthophoto 16/31828/22659 ok
17:58:55 [relief] tuiles AWS Terrarium…
17:58:55 [orthophoto] tuiles IGN…
17:58:55   orthophoto 16/31828/22659 ok
17:58:55   orthophoto 16/31828/22660 ok
17:58:55   orthophoto 16/31828/22660 ok
17:58:55   orthophoto 16/31828/22660 ok
17:58:55   orthophoto 16/31828/22660 ok
17:58:56   orthophoto 16/31828/22661 ok
17:58:56   orthophoto 16/31828/22661 ok
17:58:56   orthophoto 16/31828/22661 ok
17:58:56   orthophoto 16/31828/22662 ok
17:58:56   orthophoto 16/31828/22662 ok
17:58:57   orthophoto 16/31828/22663 ok
17:58:57   orthophoto 16/31828/22661 ok
17:58:57   orthophoto 16/31828/22662 ok
17:58:57   orthophoto 16/31828/22663 ok
17:58:57   orthophoto 16/31828/22664 ok
17:58:57   orthophoto 16/31828/22664 ok
17:58:57   orthophoto 16/31828/22664 ok
17:58:57   orthophoto 16/31828/22664 ok
17:58:58   orthophoto 16/31828/22665 ok
17:58:58   orthophoto 16/31828/22665 ok
17:58:58   orthophoto 16/31828/22666 ok
17:58:58   orthophoto 16/31828/22665 ok
17:58:58   orthophoto 16/31828/22665 ok
17:58:58   orthophoto 16/31828/22666 ok
17:58:59   orthophoto 16/31828/22667 ok
17:58:59   orthophoto 16/31828/22667 ok
17:58:59   orthophoto 16/31828/22667 ok
17:58:59   orthophoto 16/31828/22667 ok
17:58:59   orthophoto 16/31828/22668 ok
17:59:00   orthophoto 16/31828/22668 ok
17:59:00   orthophoto 16/31828/22669 ok
17:59:00   orthophoto 16/31828/22669 ok
17:59:00   orthophoto 16/31828/22668 ok
17:59:00   orthophoto 16/31828/22668 ok
17:59:00   orthophoto 16/31828/22670 ok
17:59:01   orthophoto 16/31828/22670 ok
17:59:01   orthophoto 16/31829/22640 ok
17:59:01   orthophoto 16/31828/22670 ok
17:59:01   orthophoto 16/31828/22670 ok
17:59:01   orthophoto 16/31829/22641 ok
17:59:01   orthophoto 16/31829/22640 ok
17:59:02   orthophoto 16/31829/22641 ok
17:59:02   orthophoto 16/31829/22641 ok
17:59:02   orthophoto 16/31829/22642 ok
17:59:02   orthophoto 16/31829/22642 ok
17:59:02   orthophoto 16/31829/22642 ok
17:59:02   orthophoto 16/31829/22642 ok
17:59:02   orthophoto 16/31829/22643 ok
17:59:03   orthophoto 16/31829/22643 ok
17:59:03   orthophoto 16/31829/22643 ok
17:59:03   orthophoto 16/31829/22644 ok
17:59:03   orthophoto 16/31829/22643 ok
17:59:03   orthophoto 16/31829/22644 ok
17:59:03   orthophoto 16/31829/22644 ok
17:59:04   orthophoto 16/31829/22645 ok
17:59:04   orthophoto 16/31829/22645 ok
17:59:04   orthophoto 16/31829/22645 ok
17:59:04   orthophoto 16/31829/22645 ok
17:59:04   orthophoto 16/31829/22646 ok
17:59:04   orthophoto 16/31829/22646 ok
17:59:04   orthophoto 16/31829/22646 ok
17:59:05   orthophoto 16/31829/22646 ok
17:59:05   orthophoto 16/31829/22647 ok
17:59:05   orthophoto 16/31829/22647 ok
17:59:05   orthophoto 16/31829/22647 ok
17:59:05   orthophoto 16/31829/22647 ok
17:59:05   orthophoto 16/31829/22648 ok
17:59:06   orthophoto 16/31829/22648 ok
17:59:06   orthophoto 16/31829/22648 ok
17:59:06   orthophoto 16/31829/22648 ok
17:59:06   orthophoto 16/31829/22649 ok
17:59:06   orthophoto 16/31829/22649 ok
17:59:06   orthophoto 16/31829/22649 ok
17:59:06   orthophoto 16/31829/22649 ok
17:59:07   orthophoto 16/31829/22650 ok
17:59:07   orthophoto 16/31829/22650 ok
17:59:07   orthophoto 16/31829/22650 ok
17:59:07   orthophoto 16/31829/22650 ok
17:59:07   orthophoto 16/31829/22651 ok
17:59:07   orthophoto 16/31829/22651 ok
17:59:07   orthophoto 16/31829/22651 ok
17:59:08   orthophoto 16/31829/22651 ok
17:59:08   orthophoto 16/31829/22652 ok
17:59:08   orthophoto 16/31829/22652 ok
17:59:08   orthophoto 16/31829/22652 ok
17:59:08   orthophoto 16/31829/22652 ok
17:59:08   orthophoto 16/31829/22653 ok
17:59:08   orthophoto 16/31829/22653 ok
17:59:08   orthophoto 16/31829/22653 ok
17:59:09   orthophoto 16/31829/22653 ok
17:59:09   orthophoto 16/31829/22654 ok
17:59:09   orthophoto 16/31829/22654 ok
17:59:09   orthophoto 16/31829/22654 ok
17:59:09   orthophoto 16/31829/22654 ok
17:59:09   orthophoto 16/31829/22655 ok
17:59:10   orthophoto 16/31829/22655 ok
17:59:10   orthophoto 16/31829/22655 ok
17:59:10   orthophoto 16/31829/22656 ok
17:59:10   orthophoto 16/31829/22655 ok
17:59:10   orthophoto 16/31829/22656 ok
17:59:10   orthophoto 16/31829/22656 ok
17:59:10   orthophoto 16/31829/22657 ok
17:59:10   orthophoto 16/31829/22657 ok
17:59:11   orthophoto 16/31829/22658 ok
17:59:11   orthophoto 16/31829/22657 ok
17:59:11   orthophoto 16/31829/22657 ok
17:59:11   orthophoto 16/31829/22658 ok
17:59:11   orthophoto 16/31829/22659 ok
17:59:12   orthophoto 16/31829/22659 ok
17:59:12   orthophoto 16/31829/22659 ok
17:59:12   orthophoto 16/31829/22659 ok
17:59:12   orthophoto 16/31829/22660 ok
17:59:12   orthophoto 16/31829/22660 ok
17:59:12   orthophoto 16/31829/22660 ok
17:59:12   orthophoto 16/31829/22660 ok
17:59:12   orthophoto 16/31829/22661 ok
17:59:13   orthophoto 16/31829/22661 ok
17:59:13   orthophoto 16/31829/22661 ok
17:59:13   orthophoto 16/31829/22662 ok
17:59:13   orthophoto 16/31829/22662 ok
17:59:13   orthophoto 16/31829/22661 ok
17:59:13   orthophoto 16/31829/22662 ok
17:59:14   orthophoto 16/31829/22663 ok
17:59:14   orthophoto 16/31829/22663 ok
17:59:14   orthophoto 16/31829/22663 ok
17:59:14   orthophoto 16/31829/22663 ok
17:59:14   orthophoto 16/31829/22664 ok
17:59:14   orthophoto 16/31829/22664 ok
17:59:15   orthophoto 16/31829/22664 ok
17:59:15   orthophoto 16/31829/22664 ok
17:59:15   orthophoto 16/31829/22665 ok
17:59:15   orthophoto 16/31829/22665 ok
17:59:15   orthophoto 16/31829/22665 ok
17:59:15   orthophoto 16/31829/22665 ok
17:59:15   orthophoto 16/31829/22666 ok
17:59:16   orthophoto 16/31829/22666 ok
17:59:16   orthophoto 16/31829/22666 ok
17:59:16   orthophoto 16/31829/22666 ok
17:59:16   orthophoto 16/31829/22667 ok
17:59:16   orthophoto 16/31829/22667 ok
17:59:16   orthophoto 16/31829/22667 ok
17:59:16   orthophoto 16/31829/22668 ok
17:59:17   orthophoto 16/31829/22668 ok
17:59:17   orthophoto 16/31829/22668 ok
17:59:17   orthophoto 16/31829/22669 ok
17:59:17   orthophoto 16/31829/22669 ok
17:59:17   orthophoto 16/31829/22669 ok
17:59:17   orthophoto 16/31829/22670 ok
17:59:18   orthophoto 16/31829/22670 ok
17:59:18   orthophoto 16/31829/22667 ok
17:59:18   orthophoto 16/31829/22670 ok
17:59:18   orthophoto 16/31830/22640 ok
17:59:18   orthophoto 16/31830/22640 ok
17:59:18   orthophoto 16/31830/22640 ok
17:59:19   orthophoto 16/31830/22641 ok
17:59:19   orthophoto 16/31830/22641 ok
17:59:19   orthophoto 16/31830/22640 ok
17:59:19   orthophoto 16/31830/22641 ok
17:59:19   orthophoto 16/31830/22642 ok
17:59:19   orthophoto 16/31830/22642 ok
17:59:19   orthophoto 16/31830/22642 ok
17:59:20   orthophoto 16/31830/22642 ok
17:59:20   orthophoto 16/31830/22643 ok
17:59:20   orthophoto 16/31830/22643 ok
17:59:20   orthophoto 16/31830/22643 ok
17:59:20   orthophoto 16/31830/22643 ok
17:59:20   orthophoto 16/31830/22644 ok
17:59:21   orthophoto 16/31830/22644 ok
17:59:21   orthophoto 16/31830/22644 ok
17:59:21   orthophoto 16/31830/22644 ok
17:59:21   orthophoto 16/31830/22645 ok
17:59:21   orthophoto 16/31830/22645 ok
17:59:21   orthophoto 16/31830/22645 ok
17:59:21   orthophoto 16/31830/22645 ok
17:59:22   orthophoto 16/31830/22646 ok
17:59:22   orthophoto 16/31830/22646 ok
17:59:22   orthophoto 16/31830/22646 ok
17:59:22   orthophoto 16/31830/22646 ok
17:59:22   orthophoto 16/31830/22647 ok
17:59:22   orthophoto 16/31830/22647 ok
17:59:22   orthophoto 16/31830/22647 ok
17:59:23   orthophoto 16/31830/22647 ok
17:59:23   orthophoto 16/31830/22648 ok
17:59:23   orthophoto 16/31830/22648 ok
17:59:23   orthophoto 16/31830/22648 ok
17:59:23   orthophoto 16/31830/22648 ok
17:59:24   orthophoto 16/31830/22649 ok
17:59:24   orthophoto 16/31830/22649 ok
17:59:24   orthophoto 16/31830/22649 ok
17:59:24   orthophoto 16/31830/22649 ok
17:59:24   orthophoto 16/31830/22650 ok
17:59:24   orthophoto 16/31830/22650 ok
17:59:25   orthophoto 16/31830/22650 ok
17:59:25   orthophoto 16/31830/22650 ok
17:59:25   orthophoto 16/31830/22651 ok
17:59:25   orthophoto 16/31830/22651 ok
17:59:25   orthophoto 16/31830/22651 ok
17:59:25   orthophoto 16/31830/22651 ok
17:59:26   orthophoto 16/31830/22652 ok
17:59:26   orthophoto 16/31830/22652 ok
17:59:26   orthophoto 16/31830/22652 ok
17:59:26   orthophoto 16/31830/22652 ok
17:59:26   orthophoto 16/31830/22653 ok
17:59:26   orthophoto 16/31830/22653 ok
17:59:26   orthophoto 16/31830/22653 ok
17:59:27   orthophoto 16/31830/22654 ok
17:59:27   orthophoto 16/31830/22654 ok
17:59:27   orthophoto 16/31830/22654 ok
17:59:27   orthophoto 16/31830/22655 ok
17:59:27   orthophoto 16/31830/22653 ok
17:59:28   orthophoto 16/31830/22656 ok
17:59:28   orthophoto 16/31830/22655 ok
17:59:28   orthophoto 16/31830/22655 ok
17:59:28   orthophoto 16/31830/22656 ok
17:59:28   orthophoto 16/31830/22657 ok
17:59:28   orthophoto 16/31830/22657 ok
17:59:29   orthophoto 16/31830/22658 ok
17:59:29   orthophoto 16/31830/22658 ok
17:59:29   orthophoto 16/31830/22657 ok
17:59:29   orthophoto 16/31830/22657 ok
17:59:29   orthophoto 16/31830/22659 ok
17:59:30   orthophoto 16/31830/22659 ok
17:59:30   orthophoto 16/31830/22659 ok
17:59:30   orthophoto 16/31830/22660 ok
17:59:30   orthophoto 16/31830/22660 ok
17:59:30   orthophoto 16/31830/22659 ok
17:59:30   orthophoto 16/31830/22660 ok
17:59:30   orthophoto 16/31830/22661 ok
17:59:31   orthophoto 16/31830/22661 ok
17:59:31   orthophoto 16/31830/22661 ok
17:59:31   orthophoto 16/31830/22661 ok
17:59:31   orthophoto 16/31830/22662 ok
17:59:31   orthophoto 16/31830/22662 ok
17:59:31   orthophoto 16/31830/22662 ok
17:59:31   orthophoto 16/31830/22662 ok
17:59:31   orthophoto 16/31830/22663 ok
17:59:32   orthophoto 16/31830/22663 ok
17:59:32   orthophoto 16/31830/22663 ok
17:59:32   orthophoto 16/31830/22663 ok
17:59:32   orthophoto 16/31830/22664 ok
17:59:32   orthophoto 16/31830/22664 ok
17:59:33   orthophoto 16/31830/22664 ok
17:59:33   orthophoto 16/31830/22664 ok
17:59:33   orthophoto 16/31830/22665 ok
17:59:33   orthophoto 16/31830/22665 ok
17:59:33   orthophoto 16/31830/22665 ok
17:59:33   orthophoto 16/31830/22665 ok
17:59:33   orthophoto 16/31830/22666 ok
17:59:34   orthophoto 16/31830/22666 ok
17:59:34   orthophoto 16/31830/22666 ok
17:59:34   orthophoto 16/31830/22666 ok
17:59:34   orthophoto 16/31830/22667 ok
17:59:34   orthophoto 16/31830/22667 ok
17:59:34   orthophoto 16/31830/22667 ok
17:59:35   orthophoto 16/31830/22668 ok
17:59:35   orthophoto 16/31830/22667 ok
17:59:35   orthophoto 16/31830/22668 ok
17:59:35   orthophoto 16/31830/22669 ok
17:59:35   orthophoto 16/31830/22668 ok
17:59:35   orthophoto 16/31830/22669 ok
17:59:35   orthophoto 16/31830/22669 ok
17:59:36   orthophoto 16/31830/22670 ok
17:59:36   orthophoto 16/31830/22670 ok
17:59:36   orthophoto 16/31830/22670 ok
17:59:36   orthophoto 16/31830/22670 ok
17:59:36   orthophoto 16/31831/22640 ok
17:59:36   orthophoto 16/31831/22640 ok
17:59:36   orthophoto 16/31831/22640 ok
17:59:37   orthophoto 16/31831/22640 ok
17:59:37   orthophoto 16/31831/22641 ok
17:59:37   orthophoto 16/31831/22641 ok
17:59:37   orthophoto 16/31831/22641 ok
17:59:37   orthophoto 16/31831/22641 ok
17:59:38   orthophoto 16/31831/22642 ok
17:59:38   orthophoto 16/31831/22642 ok
17:59:38   orthophoto 16/31831/22642 ok
17:59:38   orthophoto 16/31831/22642 ok
17:59:38   orthophoto 16/31831/22643 ok
17:59:38   orthophoto 16/31831/22643 ok
17:59:38   orthophoto 16/31831/22643 ok
17:59:38   orthophoto 16/31831/22643 ok
17:59:39   orthophoto 16/31831/22644 ok
17:59:39   orthophoto 16/31831/22644 ok
17:59:39   orthophoto 16/31831/22644 ok
17:59:39   orthophoto 16/31831/22644 ok
17:59:39   orthophoto 16/31831/22645 ok
17:59:39   orthophoto 16/31831/22645 ok
17:59:40   orthophoto 16/31831/22645 ok
17:59:40   orthophoto 16/31831/22646 ok
17:59:40   orthophoto 16/31831/22645 ok
17:59:40   orthophoto 16/31831/22646 ok
17:59:40   orthophoto 16/31831/22647 ok
17:59:40   orthophoto 16/31831/22646 ok
17:59:40   orthophoto 16/31831/22647 ok
17:59:41   orthophoto 16/31831/22647 ok
17:59:41   orthophoto 16/31831/22648 ok
17:59:41   orthophoto 16/31831/22648 ok
17:59:41   orthophoto 16/31831/22648 ok
17:59:41   orthophoto 16/31831/22649 ok
17:59:41   orthophoto 16/31831/22648 ok
17:59:42   orthophoto 16/31831/22649 ok
17:59:42   orthophoto 16/31831/22650 ok
17:59:42   orthophoto 16/31831/22650 ok
17:59:42   orthophoto 16/31831/22649 ok
17:59:42   orthophoto 16/31831/22650 ok
17:59:42   orthophoto 16/31831/22651 ok
17:59:43   orthophoto 16/31831/22651 ok
17:59:43   orthophoto 16/31831/22651 ok
17:59:43   orthophoto 16/31831/22652 ok
17:59:43   orthophoto 16/31831/22652 ok
17:59:43   orthophoto 16/31831/22651 ok
17:59:43   orthophoto 16/31831/22652 ok
17:59:44   orthophoto 16/31831/22653 ok
17:59:44   orthophoto 16/31831/22653 ok
17:59:44   orthophoto 16/31831/22653 ok
17:59:44   orthophoto 16/31831/22653 ok
17:59:44   orthophoto 16/31831/22654 ok
17:59:44   orthophoto 16/31831/22654 ok
17:59:44   orthophoto 16/31831/22654 ok
17:59:45   orthophoto 16/31831/22655 ok
17:59:45   orthophoto 16/31831/22655 ok
17:59:45   orthophoto 16/31831/22654 ok
17:59:45   orthophoto 16/31831/22656 ok
17:59:46   orthophoto 16/31831/22656 ok
17:59:46   orthophoto 16/31831/22656 ok
17:59:46   orthophoto 16/31831/22655 ok
17:59:46   orthophoto 16/31831/22657 ok
17:59:46   orthophoto 16/31831/22657 ok
17:59:46   orthophoto 16/31831/22657 ok
17:59:47   orthophoto 16/31831/22658 ok
17:59:47   orthophoto 16/31831/22657 ok
17:59:47   orthophoto 16/31831/22658 ok
17:59:47   orthophoto 16/31831/22658 ok
17:59:47   orthophoto 16/31831/22659 ok
17:59:48   orthophoto 16/31831/22659 ok
17:59:48   orthophoto 16/31831/22659 ok
17:59:48   orthophoto 16/31831/22660 ok
17:59:48   orthophoto 16/31831/22659 ok
17:59:48   orthophoto 16/31831/22660 ok
17:59:48   orthophoto 16/31831/22661 ok
17:59:48   orthophoto 16/31831/22661 ok
17:59:48   orthophoto 16/31831/22660 ok
17:59:49   orthophoto 16/31831/22661 ok
17:59:49   orthophoto 16/31831/22662 ok
17:59:49   orthophoto 16/31831/22662 ok
17:59:49   orthophoto 16/31831/22662 ok
17:59:49   orthophoto 16/31831/22662 ok
17:59:50   orthophoto 16/31831/22663 ok
17:59:50   orthophoto 16/31831/22663 ok
17:59:50   orthophoto 16/31831/22663 ok
17:59:50   orthophoto 16/31831/22663 ok
17:59:50   orthophoto 16/31831/22664 ok
17:59:50   orthophoto 16/31831/22664 ok
17:59:50   orthophoto 16/31831/22664 ok
17:59:51   orthophoto 16/31831/22664 ok
17:59:51   orthophoto 16/31831/22665 ok
17:59:51   orthophoto 16/31831/22665 ok
17:59:51   orthophoto 16/31831/22665 ok
17:59:51   orthophoto 16/31831/22665 ok
17:59:52   orthophoto 16/31831/22666 ok
17:59:52   orthophoto 16/31831/22666 ok
17:59:52   orthophoto 16/31831/22666 ok
17:59:52   orthophoto 16/31831/22666 ok
17:59:52   orthophoto 16/31831/22667 ok
17:59:52   orthophoto 16/31831/22667 ok
17:59:53   orthophoto 16/31831/22667 ok
17:59:53   orthophoto 16/31831/22668 ok
17:59:53   orthophoto 16/31831/22667 ok
17:59:53   orthophoto 16/31831/22669 ok
17:59:53   orthophoto 16/31831/22668 ok
17:59:53   orthophoto 16/31831/22669 ok
17:59:53   orthophoto 16/31831/22668 ok
17:59:54   orthophoto 16/31831/22670 ok
17:59:54   orthophoto 16/31831/22670 ok
17:59:54   orthophoto 16/31831/22670 ok
17:59:54   orthophoto 16/31831/22670 ok
17:59:54   orthophoto 16/31832/22640 ok
17:59:55   orthophoto 16/31832/22640 ok
17:59:55   orthophoto 16/31832/22640 ok
17:59:55   orthophoto 16/31832/22641 ok
17:59:55   orthophoto 16/31832/22641 ok
17:59:55   orthophoto 16/31832/22641 ok
17:59:56   orthophoto 16/31832/22642 ok
17:59:56   orthophoto 16/31832/22642 ok
17:59:56   orthophoto 16/31832/22640 ok
17:59:56   orthophoto 16/31832/22643 ok
17:59:56   orthophoto 16/31832/22642 ok
17:59:56   orthophoto 16/31832/22643 ok
17:59:57   orthophoto 16/31832/22643 ok
17:59:57   orthophoto 16/31832/22644 ok
17:59:57   orthophoto 16/31832/22644 ok
17:59:57   orthophoto 16/31832/22644 ok
17:59:57   orthophoto 16/31832/22645 ok
17:59:57   orthophoto 16/31832/22644 ok
17:59:58   orthophoto 16/31832/22646 ok
17:59:58   orthophoto 16/31832/22645 ok
17:59:58   orthophoto 16/31832/22646 ok
17:59:58   orthophoto 16/31832/22645 ok
17:59:58   orthophoto 16/31832/22647 ok
17:59:58   orthophoto 16/31832/22647 ok
17:59:59   orthophoto 16/31832/22647 ok
17:59:59   orthophoto 16/31832/22647 ok
17:59:59   orthophoto 16/31832/22648 ok
17:59:59   orthophoto 16/31832/22648 ok
17:59:59   orthophoto 16/31832/22648 ok
17:59:59   orthophoto 16/31832/22648 ok
18:00:00   orthophoto 16/31832/22649 ok
18:00:00   orthophoto 16/31832/22649 ok
18:00:00   orthophoto 16/31832/22649 ok
18:00:00   orthophoto 16/31832/22650 ok
18:00:00   orthophoto 16/31832/22649 ok
18:00:00   orthophoto 16/31832/22650 ok
18:00:01   orthophoto 16/31832/22650 ok
18:00:01   orthophoto 16/31832/22651 ok
18:00:01   orthophoto 16/31832/22651 ok
18:00:01   orthophoto 16/31832/22651 ok
18:00:01   orthophoto 16/31832/22652 ok
18:00:01   orthophoto 16/31832/22652 ok
18:00:01   orthophoto 16/31832/22652 ok
18:00:02   orthophoto 16/31832/22651 ok
18:00:02   orthophoto 16/31832/22653 ok
18:00:02   orthophoto 16/31832/22653 ok
18:00:02   orthophoto 16/31832/22653 ok
18:00:02   orthophoto 16/31832/22654 ok
18:00:02   orthophoto 16/31832/22654 ok
18:00:02   orthophoto 16/31832/22653 ok
18:00:03   orthophoto 16/31832/22654 ok
18:00:03   orthophoto 16/31832/22655 ok
18:00:03   orthophoto 16/31832/22655 ok
18:00:03   orthophoto 16/31832/22655 ok
18:00:03   orthophoto 16/31832/22655 ok
18:00:03   orthophoto 16/31832/22656 ok
18:00:04   orthophoto 16/31832/22656 ok
18:00:04   orthophoto 16/31832/22656 ok
18:00:04   orthophoto 16/31832/22656 ok
18:00:04   orthophoto 16/31832/22657 ok
18:00:04   orthophoto 16/31832/22657 ok
18:00:05   orthophoto 16/31832/22657 ok
18:00:05   orthophoto 16/31832/22657 ok
18:00:05   orthophoto 16/31832/22658 ok
18:00:05   orthophoto 16/31832/22658 ok
18:00:05   orthophoto 16/31832/22658 ok
18:00:05   orthophoto 16/31832/22658 ok
18:00:05   orthophoto 16/31832/22659 ok
18:00:06   orthophoto 16/31832/22659 ok
18:00:06   orthophoto 16/31832/22659 ok
18:00:06   orthophoto 16/31832/22659 ok
18:00:06   orthophoto 16/31832/22660 ok
18:00:06   orthophoto 16/31832/22660 ok
18:00:06   orthophoto 16/31832/22661 ok
18:00:07   orthophoto 16/31832/22660 ok
18:00:07   orthophoto 16/31832/22661 ok
18:00:07   orthophoto 16/31832/22660 ok
18:00:07   orthophoto 16/31832/22662 ok
18:00:07   orthophoto 16/31832/22662 ok
18:00:08   orthophoto 16/31832/22662 ok
18:00:08   orthophoto 16/31832/22662 ok
18:00:08   orthophoto 16/31832/22663 ok
18:00:08   orthophoto 16/31832/22663 ok
18:00:08   orthophoto 16/31832/22663 ok
18:00:08   orthophoto 16/31832/22664 ok
18:00:08   orthophoto 16/31832/22663 ok
18:00:09   orthophoto 16/31832/22664 ok
18:00:09   orthophoto 16/31832/22664 ok
18:00:09   orthophoto 16/31832/22665 ok
18:00:09   orthophoto 16/31832/22665 ok
18:00:09   orthophoto 16/31832/22665 ok
18:00:10   orthophoto 16/31832/22666 ok
18:00:10   orthophoto 16/31832/22665 ok
18:00:10   orthophoto 16/31832/22666 ok
18:00:10   orthophoto 16/31832/22666 ok
18:00:10   orthophoto 16/31832/22667 ok
18:00:10   orthophoto 16/31832/22667 ok
18:00:10   orthophoto 16/31832/22667 ok
18:00:11   orthophoto 16/31832/22667 ok
18:00:11   orthophoto 16/31832/22668 ok
18:00:11   orthophoto 16/31832/22668 ok
18:00:11   orthophoto 16/31832/22668 ok
18:00:11   orthophoto 16/31832/22668 ok
18:00:12   orthophoto 16/31832/22669 ok
18:00:12   orthophoto 16/31832/22669 ok
18:00:12   orthophoto 16/31832/22670 ok
18:00:12   orthophoto 16/31832/22669 ok
18:00:12   orthophoto 16/31832/22669 ok
18:00:12   orthophoto 16/31832/22670 ok
18:00:13   orthophoto 16/31833/22640 ok
18:00:13   orthophoto 16/31833/22640 ok
18:00:13   orthophoto 16/31833/22640 ok
18:00:13   orthophoto 16/31833/22641 ok
18:00:13   orthophoto 16/31833/22640 ok
18:00:13   orthophoto 16/31833/22641 ok
18:00:14   orthophoto 16/31833/22641 ok
18:00:14   orthophoto 16/31833/22642 ok
18:00:14   orthophoto 16/31833/22642 ok
18:00:14   orthophoto 16/31833/22642 ok
18:00:14   orthophoto 16/31833/22642 ok
18:00:14   orthophoto 16/31833/22643 ok
18:00:14   orthophoto 16/31833/22643 ok
18:00:15   orthophoto 16/31833/22644 ok
18:00:15   orthophoto 16/31833/22643 ok
18:00:15   orthophoto 16/31833/22643 ok
18:00:15   orthophoto 16/31833/22644 ok
18:00:15   orthophoto 16/31833/22645 ok
18:00:16   orthophoto 16/31833/22645 ok
18:00:16   orthophoto 16/31833/22645 ok
18:00:16   orthophoto 16/31833/22645 ok
18:00:16   orthophoto 16/31833/22646 ok
18:00:16   orthophoto 16/31833/22646 ok
18:00:17   orthophoto 16/31833/22646 ok
18:00:17   orthophoto 16/31833/22646 ok
18:00:17   orthophoto 16/31833/22647 ok
18:00:17   orthophoto 16/31833/22647 ok
18:00:17   orthophoto 16/31833/22647 ok
18:00:17   orthophoto 16/31833/22648 ok
18:00:17   orthophoto 16/31833/22647 ok
18:00:17   orthophoto 16/31833/22648 ok
18:00:18   orthophoto 16/31833/22649 ok
18:00:18   orthophoto 16/31833/22648 ok
18:00:18   orthophoto 16/31833/22649 ok
18:00:18   orthophoto 16/31833/22650 ok
18:00:18   orthophoto 16/31833/22649 ok
18:00:18   orthophoto 16/31833/22650 ok
18:00:19   orthophoto 16/31833/22650 ok
18:00:19   orthophoto 16/31833/22651 ok
18:00:19   orthophoto 16/31833/22651 ok
18:00:19   orthophoto 16/31833/22651 ok
18:00:19   orthophoto 16/31833/22652 ok
18:00:19   orthophoto 16/31833/22651 ok
18:00:19   orthophoto 16/31833/22652 ok
18:00:20   orthophoto 16/31833/22652 ok
18:00:20   orthophoto 16/31833/22653 ok
18:00:20   orthophoto 16/31833/22653 ok
18:00:20   orthophoto 16/31833/22653 ok
18:00:20   orthophoto 16/31833/22654 ok
18:00:20   orthophoto 16/31833/22653 ok
18:00:21   orthophoto 16/31833/22654 ok
18:00:21   orthophoto 16/31833/22654 ok
18:00:21   orthophoto 16/31833/22655 ok
18:00:21   orthophoto 16/31833/22655 ok
18:00:22   orthophoto 16/31833/22655 ok
18:00:22   orthophoto 16/31833/22656 ok
18:00:22   orthophoto 16/31833/22655 ok
18:00:22   orthophoto 16/31833/22656 ok
18:00:22   orthophoto 16/31833/22657 ok
18:00:22   orthophoto 16/31833/22656 ok
18:00:22   orthophoto 16/31833/22657 ok
18:00:23   orthophoto 16/31833/22657 ok
18:00:23   orthophoto 16/31833/22658 ok
18:00:23   orthophoto 16/31833/22658 ok
18:00:23   orthophoto 16/31833/22658 ok
18:00:23   orthophoto 16/31833/22658 ok
18:00:24   orthophoto 16/31833/22659 ok
18:00:24   orthophoto 16/31833/22659 ok
18:00:24   orthophoto 16/31833/22659 ok
18:00:24   orthophoto 16/31833/22660 ok
18:00:24   orthophoto 16/31833/22660 ok
18:00:24   orthophoto 16/31833/22659 ok
18:00:25   orthophoto 16/31833/22660 ok
18:00:25   orthophoto 16/31833/22661 ok
18:00:25   orthophoto 16/31833/22661 ok
18:00:25   orthophoto 16/31833/22661 ok
18:00:25   orthophoto 16/31833/22661 ok
18:00:25   orthophoto 16/31833/22662 ok
18:00:25   orthophoto 16/31833/22662 ok
18:00:26   orthophoto 16/31833/22662 ok
18:00:26   orthophoto 16/31833/22663 ok
18:00:26   orthophoto 16/31833/22662 ok
18:00:26   orthophoto 16/31833/22663 ok
18:00:26   orthophoto 16/31833/22664 ok
18:00:26   orthophoto 16/31833/22664 ok
18:00:26   orthophoto 16/31833/22663 ok
18:00:27   orthophoto 16/31833/22664 ok
18:00:27   orthophoto 16/31833/22665 ok
18:00:27   orthophoto 16/31833/22665 ok
18:00:27   orthophoto 16/31833/22665 ok
18:00:27   orthophoto 16/31833/22665 ok
18:00:27   orthophoto 16/31833/22666 ok
18:00:28   orthophoto 16/31833/22666 ok
18:00:28   orthophoto 16/31833/22666 ok
18:00:28   orthophoto 16/31833/22666 ok
18:00:28   orthophoto 16/31833/22667 ok
18:00:28   orthophoto 16/31833/22667 ok
18:00:28   orthophoto 16/31833/22668 ok
18:00:29   orthophoto 16/31833/22667 ok
18:00:29   orthophoto 16/31833/22669 ok
18:00:29   orthophoto 16/31833/22668 ok
18:00:29   orthophoto 16/31833/22667 ok
18:00:30   orthophoto 16/31833/22669 ok
18:00:30   orthophoto 16/31833/22670 ok
18:00:30   orthophoto 16/31833/22670 ok
18:00:30   orthophoto 16/31833/22670 ok
18:00:30   orthophoto 16/31834/22640 ok
18:00:30   orthophoto 16/31834/22640 ok
18:00:31   orthophoto 16/31834/22640 ok
18:00:31   orthophoto 16/31834/22641 ok
18:00:31   orthophoto 16/31834/22641 ok
18:00:31   orthophoto 16/31834/22642 ok
18:00:32   orthophoto 16/31834/22642 ok
18:00:32   orthophoto 16/31833/22670 ok
18:00:32   orthophoto 16/31834/22641 ok
18:00:32   orthophoto 16/31834/22643 ok
18:00:32   orthophoto 16/31834/22643 ok
18:00:32   orthophoto 16/31834/22643 ok
18:00:32   orthophoto 16/31834/22643 ok
18:00:33   orthophoto 16/31834/22644 ok
18:00:33   orthophoto 16/31834/22644 ok
18:00:33   orthophoto 16/31834/22644 ok
18:00:33   orthophoto 16/31834/22644 ok
18:00:33   orthophoto 16/31834/22645 ok
18:00:34   orthophoto 16/31834/22645 ok
18:00:34   orthophoto 16/31834/22645 ok
18:00:34   orthophoto 16/31834/22646 ok
18:00:34   orthophoto 16/31834/22646 ok
18:00:34   orthophoto 16/31834/22645 ok
18:00:35   orthophoto 16/31834/22647 ok
18:00:35   orthophoto 16/31834/22647 ok
18:00:35   orthophoto 16/31834/22646 ok
18:00:35   orthophoto 16/31834/22647 ok
18:00:35   orthophoto 16/31834/22648 ok
18:00:35   orthophoto 16/31834/22648 ok
18:00:35   orthophoto 16/31834/22648 ok
18:00:36   orthophoto 16/31834/22648 ok
18:00:36   orthophoto 16/31834/22649 ok
18:00:36   orthophoto 16/31834/22649 ok
18:00:36   orthophoto 16/31834/22649 ok
18:00:36   orthophoto 16/31834/22649 ok
18:00:37   orthophoto 16/31834/22650 ok
18:00:37   orthophoto 16/31834/22650 ok
18:00:37   orthophoto 16/31834/22650 ok
18:00:37   orthophoto 16/31834/22650 ok
18:00:37   orthophoto 16/31834/22651 ok
18:00:37   orthophoto 16/31834/22651 ok
18:00:37   orthophoto 16/31834/22651 ok
18:00:37   orthophoto 16/31834/22651 ok
18:00:38   orthophoto 16/31834/22652 ok
18:00:38   orthophoto 16/31834/22652 ok
18:00:38   orthophoto 16/31834/22652 ok
18:00:38   orthophoto 16/31834/22653 ok
18:00:38   orthophoto 16/31834/22652 ok
18:00:38   orthophoto 16/31834/22653 ok
18:00:39   orthophoto 16/31834/22653 ok
18:00:39   orthophoto 16/31834/22654 ok
18:00:39   orthophoto 16/31834/22654 ok
18:00:39   orthophoto 16/31834/22655 ok
18:00:39   orthophoto 16/31834/22654 ok
18:00:39   orthophoto 16/31834/22655 ok
18:00:40   orthophoto 16/31834/22654 ok
18:00:40   orthophoto 16/31834/22656 ok
18:00:40   orthophoto 16/31834/22656 ok
18:00:40   orthophoto 16/31834/22656 ok
18:00:40   orthophoto 16/31834/22657 ok
18:00:40   orthophoto 16/31834/22656 ok
18:00:41   orthophoto 16/31834/22657 ok
18:00:41   orthophoto 16/31834/22657 ok
18:00:41   orthophoto 16/31834/22658 ok
18:00:41   orthophoto 16/31834/22658 ok
18:00:41   orthophoto 16/31834/22658 ok
18:00:41   orthophoto 16/31834/22658 ok
18:00:42   orthophoto 16/31834/22659 ok
18:00:42   orthophoto 16/31834/22659 ok
18:00:42   orthophoto 16/31834/22659 ok
18:00:42   orthophoto 16/31834/22659 ok
18:00:42   orthophoto 16/31834/22660 ok
18:00:42   orthophoto 16/31834/22660 ok
18:00:43   orthophoto 16/31834/22660 ok
18:00:43   orthophoto 16/31834/22660 ok
18:00:43   orthophoto 16/31834/22661 ok
18:00:43   orthophoto 16/31834/22661 ok
18:00:43   orthophoto 16/31834/22661 ok
18:00:43   orthophoto 16/31834/22661 ok
18:00:44   orthophoto 16/31834/22662 ok
18:00:44   orthophoto 16/31834/22662 ok
18:00:44   orthophoto 16/31834/22662 ok
18:00:44   orthophoto 16/31834/22662 ok
18:00:44   orthophoto 16/31834/22663 ok
18:00:44   orthophoto 16/31834/22663 ok
18:00:45   orthophoto 16/31834/22663 ok
18:00:45   orthophoto 16/31834/22664 ok
18:00:45   orthophoto 16/31834/22663 ok
18:00:45   orthophoto 16/31834/22664 ok
18:00:45   orthophoto 16/31834/22665 ok
18:00:45   orthophoto 16/31834/22665 ok
18:00:45   orthophoto 16/31834/22664 ok
18:00:46   orthophoto 16/31834/22665 ok
18:00:46   orthophoto 16/31834/22666 ok
18:00:46   orthophoto 16/31834/22666 ok
18:00:46   orthophoto 16/31834/22666 ok
18:00:46   orthophoto 16/31834/22667 ok
18:00:46   orthophoto 16/31834/22667 ok
18:00:46   orthophoto 16/31834/22666 ok
18:00:47   orthophoto 16/31834/22667 ok
18:00:47   orthophoto 16/31834/22668 ok
18:00:47   orthophoto 16/31834/22668 ok
18:00:47   orthophoto 16/31834/22668 ok
18:00:48   orthophoto 16/31834/22669 ok
18:00:48   orthophoto 16/31834/22669 ok
18:00:48   orthophoto 16/31834/22669 ok
18:00:48   orthophoto 16/31834/22668 ok
18:00:48   orthophoto 16/31834/22670 ok
18:00:48   orthophoto 16/31834/22670 ok
18:00:49   orthophoto 16/31834/22670 ok
18:00:49   orthophoto 16/31834/22670 ok
18:00:49   orthophoto 16/31835/22640 ok
18:00:49   orthophoto 16/31835/22640 ok
18:00:49   orthophoto 16/31835/22640 ok
18:00:50   orthophoto 16/31835/22640 ok
18:00:50   orthophoto 16/31835/22641 ok
18:00:50   orthophoto 16/31835/22641 ok
18:00:50   orthophoto 16/31835/22641 ok
18:00:50   orthophoto 16/31835/22641 ok
18:00:51   orthophoto 16/31835/22642 ok
18:00:51   orthophoto 16/31835/22642 ok
18:00:51   orthophoto 16/31835/22642 ok
18:00:51   orthophoto 16/31835/22642 ok
18:00:51   orthophoto 16/31835/22643 ok
18:00:51   orthophoto 16/31835/22643 ok
18:00:52   orthophoto 16/31835/22643 ok
18:00:52   orthophoto 16/31835/22644 ok
18:00:52   orthophoto 16/31835/22644 ok
18:00:52   orthophoto 16/31835/22644 ok
18:00:52   orthophoto 16/31835/22645 ok
18:00:53   orthophoto 16/31835/22645 ok
18:00:53   orthophoto 16/31835/22645 ok
18:00:53   orthophoto 16/31835/22646 ok
18:00:53   orthophoto 16/31835/22646 ok
18:00:54   orthophoto 16/31835/22646 ok
18:00:54   orthophoto 16/31835/22643 ok
18:00:54   orthophoto 16/31835/22647 ok
18:00:54   orthophoto 16/31835/22647 ok
18:00:54   orthophoto 16/31835/22647 ok
18:00:54   orthophoto 16/31835/22648 ok
18:00:55   orthophoto 16/31835/22647 ok
18:00:55   orthophoto 16/31835/22648 ok
18:00:55   orthophoto 16/31835/22648 ok
18:00:55   orthophoto 16/31835/22649 ok
18:00:55   orthophoto 16/31835/22649 ok
18:00:55   orthophoto 16/31835/22649 ok
18:00:56   orthophoto 16/31835/22650 ok
18:00:56   orthophoto 16/31835/22650 ok
18:00:56   orthophoto 16/31835/22649 ok
18:00:56   orthophoto 16/31835/22650 ok
18:00:56   orthophoto 16/31835/22651 ok
18:00:56   orthophoto 16/31835/22651 ok
18:00:57   orthophoto 16/31835/22651 ok
18:00:57   orthophoto 16/31835/22651 ok
18:00:57   orthophoto 16/31835/22652 ok
18:00:57   orthophoto 16/31835/22652 ok
18:00:57   orthophoto 16/31835/22652 ok
18:00:57   orthophoto 16/31835/22652 ok
18:00:57   orthophoto 16/31835/22653 ok
18:00:58   orthophoto 16/31835/22653 ok
18:00:58   orthophoto 16/31835/22653 ok
18:00:58   orthophoto 16/31835/22654 ok
18:00:58   orthophoto 16/31835/22653 ok
18:00:58   orthophoto 16/31835/22654 ok
18:00:58   orthophoto 16/31835/22655 ok
18:00:59   orthophoto 16/31835/22654 ok
18:00:59   orthophoto 16/31835/22655 ok
18:00:59   orthophoto 16/31835/22656 ok
18:00:59   orthophoto 16/31835/22656 ok
18:00:59   orthophoto 16/31835/22656 ok
18:01:00   orthophoto 16/31835/22657 ok
18:01:00   orthophoto 16/31835/22657 ok
18:01:00   orthophoto 16/31835/22657 ok
18:01:00   orthophoto 16/31835/22655 ok
18:01:00   orthophoto 16/31835/22658 ok
18:01:01   orthophoto 16/31835/22658 ok
18:01:01   orthophoto 16/31835/22658 ok
18:01:01   orthophoto 16/31835/22658 ok
18:01:01   orthophoto 16/31835/22659 ok
18:01:01   orthophoto 16/31835/22659 ok
18:01:01   orthophoto 16/31835/22659 ok
18:01:02   orthophoto 16/31835/22660 ok
18:01:02   orthophoto 16/31835/22659 ok
18:01:02   orthophoto 16/31835/22660 ok
18:01:02   orthophoto 16/31835/22661 ok
18:01:02   orthophoto 16/31835/22661 ok
18:01:02   orthophoto 16/31835/22660 ok
18:01:03   orthophoto 16/31835/22661 ok
18:01:03   orthophoto 16/31835/22662 ok
18:01:03   orthophoto 16/31835/22662 ok
18:01:03   orthophoto 16/31835/22662 ok
18:01:03   orthophoto 16/31835/22662 ok
18:01:03   orthophoto 16/31835/22663 ok
18:01:04   orthophoto 16/31835/22663 ok
18:01:04   orthophoto 16/31835/22664 ok
18:01:04   orthophoto 16/31835/22663 ok
18:01:04   orthophoto 16/31835/22663 ok
18:01:04   orthophoto 16/31835/22664 ok
18:01:04   orthophoto 16/31835/22665 ok
18:01:04   orthophoto 16/31835/22665 ok
18:01:05   orthophoto 16/31835/22665 ok
18:01:05   orthophoto 16/31835/22665 ok
18:01:05   orthophoto 16/31835/22666 ok
18:01:05   orthophoto 16/31835/22666 ok
18:01:05   orthophoto 16/31835/22666 ok
18:01:05   orthophoto 16/31835/22666 ok
18:01:06   orthophoto 16/31835/22667 ok
18:01:06   orthophoto 16/31835/22667 ok
18:01:06   orthophoto 16/31835/22667 ok
18:01:06   orthophoto 16/31835/22667 ok
18:01:06   orthophoto 16/31835/22668 ok
18:01:06   orthophoto 16/31835/22668 ok
18:01:06   orthophoto 16/31835/22668 ok
18:01:07   orthophoto 16/31835/22669 ok
18:01:07   orthophoto 16/31835/22668 ok
18:01:07   orthophoto 16/31835/22669 ok
18:01:07   orthophoto 16/31835/22669 ok
18:01:07   orthophoto 16/31835/22670 ok
18:01:07   orthophoto 16/31835/22670 ok
18:01:08   orthophoto 16/31835/22670 ok
18:01:08   orthophoto 16/31835/22670 ok
18:01:08   orthophoto 16/31836/22640 ok
18:01:08   orthophoto 16/31836/22640 ok
18:01:08   orthophoto 16/31836/22640 ok
18:01:08   orthophoto 16/31836/22640 ok
18:01:09   orthophoto 16/31836/22641 ok
18:01:09   orthophoto 16/31836/22641 ok
18:01:09   orthophoto 16/31836/22641 ok
18:01:09   orthophoto 16/31836/22641 ok
18:01:09   orthophoto 16/31836/22642 ok
18:01:09   orthophoto 16/31836/22642 ok
18:01:09   orthophoto 16/31836/22642 ok
18:01:10   orthophoto 16/31836/22642 ok
18:01:10   orthophoto 16/31836/22643 ok
18:01:10   orthophoto 16/31836/22643 ok
18:01:10   orthophoto 16/31836/22643 ok
18:01:10   orthophoto 16/31836/22643 ok
18:01:11   orthophoto 16/31836/22644 ok
18:01:11   orthophoto 16/31836/22644 ok
18:01:11   orthophoto 16/31836/22644 ok
18:01:11   orthophoto 16/31836/22645 ok
18:01:11   orthophoto 16/31836/22644 ok
18:01:11   orthophoto 16/31836/22645 ok
18:01:11   orthophoto 16/31836/22645 ok
18:01:12   orthophoto 16/31836/22646 ok
18:01:12   orthophoto 16/31836/22646 ok
18:01:12   orthophoto 16/31836/22647 ok
18:01:12   orthophoto 16/31836/22646 ok
18:01:12   orthophoto 16/31836/22646 ok
18:01:12   orthophoto 16/31836/22647 ok
18:01:13   orthophoto 16/31836/22648 ok
18:01:13   orthophoto 16/31836/22648 ok
18:01:13   orthophoto 16/31836/22648 ok
18:01:13   orthophoto 16/31836/22649 ok
18:01:13   orthophoto 16/31836/22649 ok
18:01:14   orthophoto 16/31836/22650 ok
18:01:14   orthophoto 16/31836/22650 ok
18:01:14   orthophoto 16/31836/22649 ok
18:01:15   orthophoto 16/31836/22651 ok
18:01:15   orthophoto 16/31836/22651 ok
18:01:15   orthophoto 16/31836/22652 ok
18:01:15   orthophoto 16/31836/22652 ok
18:01:15   orthophoto 16/31836/22651 ok
18:01:16   orthophoto 16/31836/22653 ok
18:01:16   orthophoto 16/31836/22653 ok
18:01:16   orthophoto 16/31836/22654 ok
18:01:16   orthophoto 16/31836/22648 ok
18:01:16   orthophoto 16/31836/22654 ok
18:01:17   orthophoto 16/31836/22653 ok
18:01:17   orthophoto 16/31836/22655 ok
18:01:17   orthophoto 16/31836/22655 ok
18:01:17   orthophoto 16/31836/22655 ok
18:01:17   orthophoto 16/31836/22655 ok
18:01:18   orthophoto 16/31836/22656 ok
18:01:18   orthophoto 16/31836/22656 ok
18:01:18   orthophoto 16/31836/22656 ok
18:01:18   orthophoto 16/31836/22657 ok
18:01:18   orthophoto 16/31836/22656 ok
18:01:19   orthophoto 16/31836/22657 ok
18:01:19   orthophoto 16/31836/22657 ok
18:01:19   orthophoto 16/31836/22658 ok
18:01:19   orthophoto 16/31836/22658 ok
18:01:19   orthophoto 16/31836/22658 ok
18:01:19   orthophoto 16/31836/22658 ok
18:01:19   orthophoto 16/31836/22659 ok
18:01:20   orthophoto 16/31836/22659 ok
18:01:20   orthophoto 16/31836/22659 ok
18:01:20   orthophoto 16/31836/22660 ok
18:01:20   orthophoto 16/31836/22659 ok
18:01:20   orthophoto 16/31836/22660 ok
18:01:20   orthophoto 16/31836/22661 ok
18:01:21   orthophoto 16/31836/22660 ok
18:01:21   orthophoto 16/31836/22661 ok
18:01:21   orthophoto 16/31836/22662 ok
18:01:21   orthophoto 16/31836/22662 ok
18:01:21   orthophoto 16/31836/22663 ok
18:01:21   orthophoto 16/31836/22662 ok
18:01:22   orthophoto 16/31836/22664 ok
18:01:22   orthophoto 16/31836/22661 ok
18:01:22   orthophoto 16/31836/22663 ok
18:01:22   orthophoto 16/31836/22664 ok
18:01:23   orthophoto 16/31836/22665 ok
18:01:23   orthophoto 16/31836/22665 ok
18:01:23   orthophoto 16/31836/22665 ok
18:01:23   orthophoto 16/31836/22665 ok
18:01:23   orthophoto 16/31836/22666 ok
18:01:23   orthophoto 16/31836/22666 ok
18:01:24   orthophoto 16/31836/22666 ok
18:01:24   orthophoto 16/31836/22667 ok
18:01:24   orthophoto 16/31836/22666 ok
18:01:24   orthophoto 16/31836/22667 ok
18:01:24   orthophoto 16/31836/22667 ok
18:01:24   orthophoto 16/31836/22668 ok
18:01:24   orthophoto 16/31836/22668 ok
18:01:25   orthophoto 16/31836/22668 ok
18:01:25   orthophoto 16/31836/22668 ok
18:01:25   orthophoto 16/31836/22669 ok
18:01:25   orthophoto 16/31836/22669 ok
18:01:26   orthophoto 16/31836/22670 ok
18:01:26   orthophoto 16/31836/22670 ok
18:01:26   orthophoto 16/31836/22669 ok
18:01:26   orthophoto 16/31837/22640 ok
18:01:26   orthophoto 16/31836/22669 ok
18:01:26   orthophoto 16/31837/22640 ok
18:01:26   orthophoto 16/31837/22640 ok
18:01:27   orthophoto 16/31837/22641 ok
18:01:27   orthophoto 16/31837/22641 ok
18:01:27   orthophoto 16/31837/22641 ok
18:01:27   orthophoto 16/31837/22641 ok
18:01:27   orthophoto 16/31837/22642 ok
18:01:27   orthophoto 16/31837/22642 ok
18:01:28   orthophoto 16/31837/22642 ok
18:01:28   orthophoto 16/31837/22642 ok
18:01:28   orthophoto 16/31837/22643 ok
18:01:28   orthophoto 16/31837/22643 ok
18:01:28   orthophoto 16/31837/22643 ok
18:01:28   orthophoto 16/31837/22644 ok
18:01:28   orthophoto 16/31837/22643 ok
18:01:29   orthophoto 16/31837/22644 ok
18:01:29   orthophoto 16/31837/22645 ok
18:01:29   orthophoto 16/31837/22644 ok
18:01:29   orthophoto 16/31837/22645 ok
18:01:29   orthophoto 16/31837/22645 ok
18:01:29   orthophoto 16/31837/22646 ok
18:01:30   orthophoto 16/31837/22646 ok
18:01:30   orthophoto 16/31837/22646 ok
18:01:30   orthophoto 16/31837/22646 ok
18:01:30   orthophoto 16/31837/22647 ok
18:01:30   orthophoto 16/31837/22647 ok
18:01:30   orthophoto 16/31837/22647 ok
18:01:30   orthophoto 16/31837/22647 ok
18:01:31   orthophoto 16/31837/22648 ok
18:01:31   orthophoto 16/31837/22648 ok
18:01:31   orthophoto 16/31837/22648 ok
18:01:31   orthophoto 16/31837/22648 ok
18:01:32   orthophoto 16/31837/22649 ok
18:01:32   orthophoto 16/31837/22649 ok
18:01:32   orthophoto 16/31837/22649 ok
18:01:32   orthophoto 16/31837/22650 ok
18:01:32   orthophoto 16/31837/22649 ok
18:01:32   orthophoto 16/31837/22650 ok
18:01:32   orthophoto 16/31837/22650 ok
18:01:33   orthophoto 16/31837/22651 ok
18:01:33   orthophoto 16/31837/22651 ok
18:01:33   orthophoto 16/31837/22651 ok
18:01:33   orthophoto 16/31837/22651 ok
18:01:33   orthophoto 16/31837/22652 ok
18:01:34   orthophoto 16/31837/22652 ok
18:01:34   orthophoto 16/31837/22652 ok
18:01:34   orthophoto 16/31837/22653 ok
18:01:34   orthophoto 16/31837/22652 ok
18:01:34   orthophoto 16/31837/22653 ok
18:01:34   orthophoto 16/31837/22654 ok
18:01:35   orthophoto 16/31837/22654 ok
18:01:35   orthophoto 16/31837/22654 ok
18:01:35   orthophoto 16/31837/22655 ok
18:01:35   orthophoto 16/31837/22655 ok
18:01:35   orthophoto 16/31837/22656 ok
18:01:36   orthophoto 16/31837/22655 ok
18:01:36   orthophoto 16/31837/22656 ok
18:01:36   orthophoto 16/31837/22657 ok
18:01:36   orthophoto 16/31837/22653 ok
18:01:36   orthophoto 16/31837/22657 ok
18:01:37   orthophoto 16/31837/22658 ok
18:01:37   orthophoto 16/31837/22657 ok
18:01:37   orthophoto 16/31837/22658 ok
18:01:37   orthophoto 16/31837/22658 ok
18:01:37   orthophoto 16/31837/22659 ok
18:01:37   orthophoto 16/31837/22659 ok
18:01:37   orthophoto 16/31837/22659 ok
18:01:38   orthophoto 16/31837/22660 ok
18:01:38   orthophoto 16/31837/22659 ok
18:01:38   orthophoto 16/31837/22660 ok
18:01:38   orthophoto 16/31837/22661 ok
18:01:39   orthophoto 16/31837/22661 ok
18:01:39   orthophoto 16/31837/22660 ok
18:01:39   orthophoto 16/31837/22662 ok
18:01:39   orthophoto 16/31837/22661 ok
18:01:39   orthophoto 16/31837/22662 ok
18:01:39   orthophoto 16/31837/22662 ok
18:01:40   orthophoto 16/31837/22663 ok
18:01:40   orthophoto 16/31837/22663 ok
18:01:40   orthophoto 16/31837/22663 ok
18:01:40   orthophoto 16/31837/22663 ok
18:01:40   orthophoto 16/31837/22664 ok
18:01:40   orthophoto 16/31837/22664 ok
18:01:41   orthophoto 16/31837/22664 ok
18:01:41   orthophoto 16/31837/22665 ok
18:01:41   orthophoto 16/31837/22664 ok
18:01:41   orthophoto 16/31837/22665 ok
18:01:41   orthophoto 16/31837/22665 ok
18:01:41   orthophoto 16/31837/22666 ok
18:01:41   orthophoto 16/31837/22666 ok
18:01:42   orthophoto 16/31837/22666 ok
18:01:42   orthophoto 16/31837/22666 ok
18:01:42   orthophoto 16/31837/22667 ok
18:01:42   orthophoto 16/31837/22667 ok
18:01:42   orthophoto 16/31837/22667 ok
18:01:43   orthophoto 16/31837/22667 ok
18:01:43   orthophoto 16/31837/22668 ok
18:01:43   orthophoto 16/31837/22668 ok
18:01:43   orthophoto 16/31837/22668 ok
18:01:43   orthophoto 16/31837/22669 ok
18:01:43   orthophoto 16/31837/22668 ok
18:01:43   orthophoto 16/31837/22669 ok
18:01:43   orthophoto 16/31837/22669 ok
18:01:44   orthophoto 16/31837/22670 ok
18:01:44   orthophoto 16/31837/22670 ok
18:01:44   orthophoto 16/31837/22670 ok
18:01:44   orthophoto 16/31837/22670 ok
18:01:44   orthophoto 16/31838/22640 ok
18:01:45   orthophoto 16/31838/22640 ok
18:01:45   orthophoto 16/31838/22640 ok
18:01:45   orthophoto 16/31838/22640 ok
18:01:45   orthophoto 16/31838/22641 ok
18:01:45   orthophoto 16/31838/22641 ok
18:01:45   orthophoto 16/31838/22641 ok
18:01:46   orthophoto 16/31838/22642 ok
18:01:46   orthophoto 16/31838/22641 ok
18:01:46   orthophoto 16/31838/22642 ok
18:01:46   orthophoto 16/31838/22642 ok
18:01:46   orthophoto 16/31838/22643 ok
18:01:46   orthophoto 16/31838/22643 ok
18:01:46   orthophoto 16/31838/22643 ok
18:01:47   orthophoto 16/31838/22643 ok
18:01:47   orthophoto 16/31838/22644 ok
18:01:47   orthophoto 16/31838/22644 ok
18:01:47   orthophoto 16/31838/22644 ok
18:01:47   orthophoto 16/31838/22645 ok
18:01:47   orthophoto 16/31838/22645 ok
18:01:48   orthophoto 16/31838/22645 ok
18:01:48   orthophoto 16/31838/22644 ok
18:01:48   orthophoto 16/31838/22646 ok
18:01:48   orthophoto 16/31838/22646 ok
18:01:48   orthophoto 16/31838/22646 ok
18:01:48   orthophoto 16/31838/22647 ok
18:01:49   orthophoto 16/31838/22647 ok
18:01:49   orthophoto 16/31838/22647 ok
18:01:49   orthophoto 16/31838/22648 ok
18:01:49   orthophoto 16/31838/22646 ok
18:01:49   orthophoto 16/31838/22648 ok
18:01:50   orthophoto 16/31838/22648 ok
18:01:50   orthophoto 16/31838/22649 ok
18:01:50   orthophoto 16/31838/22649 ok
18:01:50   orthophoto 16/31838/22649 ok
18:01:50   orthophoto 16/31838/22649 ok
18:01:51   orthophoto 16/31838/22650 ok
18:01:51   orthophoto 16/31838/22650 ok
18:01:51   orthophoto 16/31838/22650 ok
18:01:51   orthophoto 16/31838/22650 ok
18:01:51   orthophoto 16/31838/22651 ok
18:01:51   orthophoto 16/31838/22651 ok
18:01:51   orthophoto 16/31838/22651 ok
18:01:51   orthophoto 16/31838/22651 ok
18:01:52   orthophoto 16/31838/22652 ok
18:01:52   orthophoto 16/31838/22652 ok
18:01:52   orthophoto 16/31838/22652 ok
18:01:52   orthophoto 16/31838/22652 ok
18:01:52   orthophoto 16/31838/22653 ok
18:01:52   orthophoto 16/31838/22653 ok
18:01:53   orthophoto 16/31838/22653 ok
18:01:53   orthophoto 16/31838/22653 ok
18:01:53   orthophoto 16/31838/22654 ok
18:01:53   orthophoto 16/31838/22654 ok
18:01:53   orthophoto 16/31838/22654 ok
18:01:53   orthophoto 16/31838/22655 ok
18:01:54   orthophoto 16/31838/22655 ok
18:01:54   orthophoto 16/31838/22654 ok
18:01:54   orthophoto 16/31838/22655 ok
18:01:54   orthophoto 16/31838/22656 ok
18:01:54   orthophoto 16/31838/22656 ok
18:01:54   orthophoto 16/31838/22656 ok
18:01:55   orthophoto 16/31838/22656 ok
18:01:55   orthophoto 16/31838/22657 ok
18:01:55   orthophoto 16/31838/22657 ok
18:01:55   orthophoto 16/31838/22657 ok
18:01:56   orthophoto 16/31838/22658 ok
18:01:56   orthophoto 16/31838/22657 ok
18:01:56   orthophoto 16/31838/22658 ok
18:01:56   orthophoto 16/31838/22658 ok
18:01:56   orthophoto 16/31838/22659 ok
18:01:56   orthophoto 16/31838/22659 ok
18:01:56   orthophoto 16/31838/22659 ok
18:01:56   orthophoto 16/31838/22659 ok
18:01:57   orthophoto 16/31838/22660 ok
18:01:57   orthophoto 16/31838/22660 ok
18:01:57   orthophoto 16/31838/22660 ok
18:01:57   orthophoto 16/31838/22660 ok
18:01:58   orthophoto 16/31838/22661 ok
18:01:58   orthophoto 16/31838/22661 ok
18:01:58   orthophoto 16/31838/22661 ok
18:01:58   orthophoto 16/31838/22661 ok
18:01:58   orthophoto 16/31838/22662 ok
18:01:58   orthophoto 16/31838/22662 ok
18:01:59   orthophoto 16/31838/22662 ok
18:01:59   orthophoto 16/31838/22662 ok
18:01:59   orthophoto 16/31838/22663 ok
18:01:59   orthophoto 16/31838/22663 ok
18:01:59   orthophoto 16/31838/22663 ok
18:01:59   orthophoto 16/31838/22664 ok
18:01:59   orthophoto 16/31838/22664 ok
18:01:59   orthophoto 16/31838/22663 ok
18:02:00   orthophoto 16/31838/22664 ok
18:02:00   orthophoto 16/31838/22665 ok
18:02:00   orthophoto 16/31838/22665 ok
18:02:00   orthophoto 16/31838/22665 ok
18:02:00   orthophoto 16/31838/22666 ok
18:02:01   orthophoto 16/31838/22666 ok
18:02:01   orthophoto 16/31838/22666 ok
18:02:01   orthophoto 16/31838/22665 ok
18:02:01   orthophoto 16/31838/22667 ok
18:02:01   orthophoto 16/31838/22667 ok
18:02:02   orthophoto 16/31838/22667 ok
18:02:02   orthophoto 16/31838/22667 ok
18:02:02   orthophoto 16/31838/22668 ok
18:02:02   orthophoto 16/31838/22668 ok
18:02:02   orthophoto 16/31838/22668 ok
18:02:02   orthophoto 16/31838/22669 ok
18:02:02   orthophoto 16/31838/22669 ok
18:02:03   orthophoto 16/31838/22668 ok
18:02:03   orthophoto 16/31838/22669 ok
18:02:03   orthophoto 16/31838/22670 ok
18:02:03   orthophoto 16/31838/22670 ok
18:02:03   orthophoto 16/31838/22670 ok
18:02:03   orthophoto 16/31839/22640 ok
18:02:03   orthophoto 16/31838/22670 ok
18:02:04   orthophoto 16/31839/22640 ok
18:02:04   orthophoto 31839/22641 : HTTP 404 
18:02:04   orthophoto 16/31839/22641 ok
18:02:04   orthophoto 16/31839/22641 ok
18:02:04   orthophoto 16/31839/22640 ok
18:02:05   orthophoto 16/31839/22642 ok
18:02:05   orthophoto 16/31839/22642 ok
18:02:05   orthophoto 16/31839/22642 ok
18:02:05   orthophoto 16/31839/22642 ok
18:02:05   orthophoto 16/31839/22643 ok
18:02:06   orthophoto 16/31839/22643 ok
18:02:06   orthophoto 16/31839/22643 ok
18:02:06   orthophoto 16/31839/22643 ok
18:02:06   orthophoto 16/31839/22644 ok
18:02:06   orthophoto 16/31839/22644 ok
18:02:06   orthophoto 16/31839/22644 ok
18:02:06   orthophoto 16/31839/22644 ok
18:02:07   orthophoto 16/31839/22645 ok
18:02:07   orthophoto 16/31839/22645 ok
18:02:07   orthophoto 16/31839/22645 ok
18:02:07   orthophoto 16/31839/22645 ok
18:02:08   orthophoto 16/31839/22646 ok
18:02:08   orthophoto 16/31839/22646 ok
18:02:08   orthophoto 16/31839/22646 ok
18:02:08   orthophoto 16/31839/22646 ok
18:02:08   orthophoto 16/31839/22647 ok
18:02:08   orthophoto 16/31839/22647 ok
18:02:08   orthophoto 16/31839/22647 ok
18:02:09   orthophoto 16/31839/22647 ok
18:02:09   orthophoto 16/31839/22648 ok
18:02:09   orthophoto 16/31839/22648 ok
18:02:09   orthophoto 16/31839/22648 ok
18:02:09   orthophoto 16/31839/22648 ok
18:02:09   orthophoto 16/31839/22649 ok
18:02:10   orthophoto 16/31839/22649 ok
18:02:10   orthophoto 16/31839/22650 ok
18:02:10   orthophoto 16/31839/22649 ok
18:02:10   orthophoto 16/31839/22649 ok
18:02:10   orthophoto 16/31839/22650 ok
18:02:11   orthophoto 16/31839/22651 ok
18:02:11   orthophoto 16/31839/22651 ok
18:02:11   orthophoto 16/31839/22651 ok
18:02:11   orthophoto 16/31839/22651 ok
18:02:11   orthophoto 16/31839/22652 ok
18:02:11   orthophoto 16/31839/22652 ok
18:02:12   orthophoto 16/31839/22652 ok
18:02:12   orthophoto 16/31839/22653 ok
18:02:12   orthophoto 16/31839/22652 ok
18:02:12   orthophoto 16/31839/22653 ok
18:02:12   orthophoto 16/31839/22654 ok
18:02:12   orthophoto 16/31839/22654 ok
18:02:13   orthophoto 16/31839/22653 ok
18:02:13   orthophoto 16/31839/22654 ok
18:02:13   orthophoto 16/31839/22655 ok
18:02:13   orthophoto 16/31839/22655 ok
18:02:13   orthophoto 16/31839/22655 ok
18:02:13   orthophoto 16/31839/22655 ok
18:02:14   orthophoto 16/31839/22656 ok
18:02:14   orthophoto 16/31839/22656 ok
18:02:14   orthophoto 16/31839/22656 ok
18:02:14   orthophoto 16/31839/22656 ok
18:02:14   orthophoto 16/31839/22657 ok
18:02:14   orthophoto 16/31839/22657 ok
18:02:14   orthophoto 16/31839/22657 ok
18:02:14   orthophoto 16/31839/22657 ok
18:02:15   orthophoto 16/31839/22658 ok
18:02:15   orthophoto 16/31839/22658 ok
18:02:15   orthophoto 16/31839/22658 ok
18:02:15   orthophoto 16/31839/22658 ok
18:02:15   orthophoto 16/31839/22659 ok
18:02:15   orthophoto 16/31839/22659 ok
18:02:16   orthophoto 16/31839/22659 ok
18:02:16   orthophoto 16/31839/22659 ok
18:02:16   orthophoto 16/31839/22660 ok
18:02:16   orthophoto 16/31839/22660 ok
18:02:16   orthophoto 16/31839/22660 ok
18:02:16   orthophoto 16/31839/22660 ok
18:02:16   orthophoto 16/31839/22661 ok
18:02:17   orthophoto 16/31839/22661 ok
18:02:17   orthophoto 16/31839/22661 ok
18:02:17   orthophoto 16/31839/22661 ok
18:02:17   orthophoto 16/31839/22662 ok
18:02:17   orthophoto 16/31839/22662 ok
18:02:17   orthophoto 16/31839/22662 ok
18:02:18   orthophoto 16/31839/22662 ok
18:02:18   orthophoto 16/31839/22663 ok
18:02:18   orthophoto 16/31839/22663 ok
18:02:18   orthophoto 16/31839/22663 ok
18:02:18   orthophoto 16/31839/22663 ok
18:02:18   orthophoto 16/31839/22664 ok
18:02:19   orthophoto 16/31839/22664 ok
18:02:19   orthophoto 16/31839/22664 ok
18:02:19   orthophoto 16/31839/22664 ok
18:02:19   orthophoto 16/31839/22665 ok
18:02:19   orthophoto 16/31839/22665 ok
18:02:19   orthophoto 16/31839/22665 ok
18:02:19   orthophoto 16/31839/22665 ok
18:02:20   orthophoto 16/31839/22666 ok
18:02:20   orthophoto 16/31839/22666 ok
18:02:20   orthophoto 16/31839/22666 ok
18:02:20   orthophoto 16/31839/22666 ok
18:02:20   orthophoto 16/31839/22667 ok
18:02:20   orthophoto 16/31839/22667 ok
18:02:20   orthophoto 16/31839/22667 ok
18:02:20   orthophoto 16/31839/22667 ok
18:02:21   orthophoto 16/31839/22668 ok
18:02:21   orthophoto 16/31839/22668 ok
18:02:21   orthophoto 16/31839/22668 ok
18:02:21   orthophoto 16/31839/22668 ok
18:02:21   orthophoto 16/31839/22669 ok
18:02:22   orthophoto 16/31839/22669 ok
18:02:22   orthophoto 16/31839/22669 ok
18:02:22   orthophoto 16/31839/22669 ok
18:02:22   orthophoto 16/31839/22670 ok
18:02:22   orthophoto 16/31839/22670 ok
18:02:22   orthophoto 16/31839/22670 ok
18:02:22   orthophoto 16/31839/22670 ok
18:02:23   orthophoto 16/31840/22640 ok
18:02:23   orthophoto 16/31840/22640 ok
18:02:23   orthophoto 16/31840/22640 ok
18:02:23   orthophoto 16/31840/22640 ok
18:02:23   orthophoto 16/31840/22641 ok
18:02:24   orthophoto 16/31840/22641 ok
18:02:24   orthophoto 16/31840/22641 ok
18:02:24   orthophoto 16/31840/22642 ok
18:02:24   orthophoto 16/31840/22641 ok
18:02:24   orthophoto 16/31840/22643 ok
18:02:24   orthophoto 16/31840/22642 ok
18:02:24   orthophoto 16/31840/22642 ok
18:02:25   orthophoto 16/31840/22643 ok
18:02:25   orthophoto 16/31840/22644 ok
18:02:25   orthophoto 16/31840/22644 ok
18:02:25   orthophoto 16/31840/22644 ok
18:02:25   orthophoto 16/31840/22644 ok
18:02:26   orthophoto 16/31840/22645 ok
18:02:26   orthophoto 16/31840/22645 ok
18:02:26   orthophoto 16/31840/22645 ok
18:02:26   orthophoto 16/31840/22645 ok
18:02:26   orthophoto 16/31840/22646 ok
18:02:26   orthophoto 16/31840/22646 ok
18:02:26   orthophoto 16/31840/22646 ok
18:02:27   orthophoto 16/31840/22647 ok
18:02:27   orthophoto 16/31840/22647 ok
18:02:27   orthophoto 16/31840/22647 ok
18:02:27   orthophoto 16/31840/22646 ok
18:02:28   orthophoto 16/31840/22648 ok
18:02:28   orthophoto 16/31840/22648 ok
18:02:28   orthophoto 16/31840/22648 ok
18:02:28   orthophoto 16/31840/22648 ok
18:02:28   orthophoto 16/31840/22649 ok
18:02:28   orthophoto 16/31840/22649 ok
18:02:28   orthophoto 16/31840/22649 ok
18:02:29   orthophoto 16/31840/22650 ok
18:02:29   orthophoto 16/31840/22649 ok
18:02:29   orthophoto 16/31840/22650 ok
18:02:29   orthophoto 16/31840/22650 ok
18:02:29   orthophoto 16/31840/22651 ok
18:02:29   orthophoto 16/31840/22651 ok
18:02:30   orthophoto 16/31840/22651 ok
18:02:30   orthophoto 16/31840/22652 ok
18:02:30   orthophoto 16/31840/22652 ok
18:02:30   orthophoto 16/31840/22651 ok
18:02:30   orthophoto 16/31840/22652 ok
18:02:30   orthophoto 16/31840/22653 ok
18:02:30   orthophoto 16/31840/22653 ok
18:02:31   orthophoto 16/31840/22653 ok
18:02:31   orthophoto 16/31840/22654 ok
18:02:31   orthophoto 16/31840/22654 ok
18:02:32   orthophoto 16/31840/22655 ok
18:02:32   orthophoto 16/31840/22654 ok
18:02:32   orthophoto 16/31840/22655 ok
18:02:32   orthophoto 16/31840/22656 ok
18:02:32   orthophoto 16/31840/22656 ok
18:02:33   orthophoto 16/31840/22653 ok
18:02:33   orthophoto 16/31840/22657 ok
18:02:33   orthophoto 16/31840/22656 ok
18:02:33      échec : HTTP 0 Operation timed out after 170001 milliseconds with 0 bytes received
18:02:33   -> https://overpass.kumi.systems/api/interpreter
18:02:33   orthophoto 16/31840/22657 ok
18:02:33   orthophoto 16/31840/22657 ok
18:02:33   orthophoto 16/31840/22658 ok
18:02:34   orthophoto 16/31840/22658 ok
18:02:34   orthophoto 16/31840/22659 ok
18:02:34   orthophoto 16/31840/22658 ok
18:02:34   orthophoto 16/31840/22658 ok
18:02:35   orthophoto 16/31840/22660 ok
18:02:35   orthophoto 16/31840/22659 ok
18:02:35   orthophoto 16/31840/22660 ok
18:02:35   orthophoto 16/31840/22661 ok
18:02:35   orthophoto 16/31840/22660 ok
18:02:35   orthophoto 16/31840/22661 ok
18:02:35   orthophoto 16/31840/22661 ok
18:02:36   orthophoto 16/31840/22662 ok
18:02:36   orthophoto 16/31840/22662 ok
18:02:36   orthophoto 16/31840/22662 ok
18:02:36   orthophoto 16/31840/22663 ok
18:02:36   orthophoto 16/31840/22662 ok
18:02:37   orthophoto 16/31840/22663 ok
18:02:37   orthophoto 16/31840/22664 ok
18:02:37   orthophoto 16/31840/22663 ok
18:02:37   orthophoto 16/31840/22664 ok
18:02:37   orthophoto 16/31840/22664 ok
18:02:37   orthophoto 16/31840/22665 ok
18:02:37   orthophoto 16/31840/22665 ok
18:02:38   orthophoto 16/31840/22665 ok
18:02:38   orthophoto 16/31840/22666 ok
18:02:38   orthophoto 16/31840/22665 ok
18:02:38   orthophoto 16/31840/22666 ok
18:02:38   orthophoto 16/31840/22666 ok
18:02:39   orthophoto 16/31840/22667 ok
18:02:39   orthophoto 16/31840/22667 ok
18:02:39   orthophoto 16/31840/22667 ok
18:02:39   orthophoto 16/31840/22668 ok
18:02:39   orthophoto 16/31840/22667 ok
18:02:39   orthophoto 16/31840/22668 ok
18:02:40   orthophoto 16/31840/22669 ok
18:02:40   orthophoto 16/31840/22669 ok
18:02:40   orthophoto 16/31840/22669 ok
18:02:40   orthophoto 16/31840/22668 ok
18:02:40   orthophoto 16/31840/22670 ok
18:02:40   orthophoto 16/31840/22670 ok
18:02:40   orthophoto 16/31840/22670 ok
18:02:41   orthophoto 16/31840/22670 ok
18:02:41   orthophoto 16/31841/22640 ok
18:02:41   orthophoto 16/31841/22640 ok
18:02:41   orthophoto 16/31841/22640 ok
18:02:41   orthophoto 16/31841/22640 ok
18:02:41   orthophoto 16/31841/22641 ok
18:02:41   orthophoto 16/31841/22641 ok
18:02:42   orthophoto 16/31841/22641 ok
18:02:42   orthophoto 16/31841/22642 ok
18:02:42   orthophoto 16/31841/22641 ok
18:02:42   orthophoto 16/31841/22642 ok
18:02:42   orthophoto 16/31841/22642 ok
18:02:42   orthophoto 16/31841/22643 ok
18:02:43   orthophoto 16/31841/22643 ok
18:02:43   orthophoto 16/31841/22643 ok
18:02:43   orthophoto 16/31841/22643 ok
18:02:43   orthophoto 16/31841/22644 ok
18:02:43   orthophoto 16/31841/22644 ok
18:02:44   orthophoto 16/31841/22644 ok
18:02:44   orthophoto 16/31841/22645 ok
18:02:44   orthophoto 16/31841/22645 ok
18:02:44   orthophoto 16/31841/22644 ok
18:02:44   orthophoto 16/31841/22646 ok
18:02:44   orthophoto 16/31841/22645 ok
18:02:45   orthophoto 16/31841/22646 ok
18:02:45   orthophoto 16/31841/22647 ok
18:02:45   orthophoto 16/31841/22647 ok
18:02:45   orthophoto 16/31841/22646 ok
18:02:46   orthophoto 16/31841/22648 ok
18:02:46   orthophoto 16/31841/22648 ok
18:02:46   orthophoto 16/31841/22647 ok
18:02:46   orthophoto 16/31841/22648 ok
18:02:46   orthophoto 16/31841/22649 ok
18:02:46   orthophoto 16/31841/22649 ok
18:02:46   orthophoto 16/31841/22649 ok
18:02:47   orthophoto 16/31841/22650 ok
18:02:47   orthophoto 16/31841/22650 ok
18:02:47   orthophoto 16/31841/22650 ok
18:02:47   orthophoto 16/31841/22649 ok
18:02:47   orthophoto 16/31841/22651 ok
18:02:48   orthophoto 16/31841/22651 ok
18:02:48   orthophoto 16/31841/22651 ok
18:02:48   orthophoto 16/31841/22652 ok
18:02:48   orthophoto 16/31841/22652 ok
18:02:48   orthophoto 16/31841/22651 ok
18:02:48   orthophoto 16/31841/22652 ok
18:02:49   orthophoto 16/31841/22653 ok
18:02:49   orthophoto 16/31841/22653 ok
18:02:49   orthophoto 16/31841/22653 ok
18:02:49   orthophoto 16/31841/22654 ok
18:02:49   orthophoto 16/31841/22654 ok
18:02:49   orthophoto 16/31841/22653 ok
18:02:49   orthophoto 16/31841/22654 ok
18:02:50   orthophoto 16/31841/22655 ok
18:02:50   orthophoto 16/31841/22655 ok
18:02:50   orthophoto 16/31841/22655 ok
18:02:50   orthophoto 16/31841/22655 ok
18:02:51   orthophoto 16/31841/22656 ok
18:02:51   orthophoto 16/31841/22656 ok
18:02:51   orthophoto 16/31841/22656 ok
18:02:51   orthophoto 16/31841/22656 ok
18:02:51   orthophoto 16/31841/22657 ok
18:02:51   orthophoto 16/31841/22657 ok
18:02:51   orthophoto 16/31841/22657 ok
18:02:51   orthophoto 16/31841/22657 ok
18:02:52   orthophoto 16/31841/22658 ok
18:02:52   orthophoto 16/31841/22658 ok
18:02:52   orthophoto 16/31841/22658 ok
18:02:52   orthophoto 16/31841/22659 ok
18:02:52   orthophoto 16/31841/22659 ok
18:02:52   orthophoto 16/31841/22659 ok
18:02:52   orthophoto 16/31841/22658 ok
18:02:53   orthophoto 16/31841/22660 ok
18:02:53   orthophoto 16/31841/22660 ok
18:02:53   orthophoto 16/31841/22660 ok
18:02:53   orthophoto 16/31841/22660 ok
18:02:53   orthophoto 16/31841/22661 ok
18:02:54   orthophoto 16/31841/22661 ok
18:02:54   orthophoto 16/31841/22661 ok
18:02:54   orthophoto 16/31841/22661 ok
18:02:54   orthophoto 16/31841/22662 ok
18:02:54   orthophoto 16/31841/22662 ok
18:02:54   orthophoto 16/31841/22662 ok
18:02:54   orthophoto 16/31841/22662 ok
18:02:55   orthophoto 16/31841/22663 ok
18:02:55   orthophoto 16/31841/22663 ok
18:02:55   orthophoto 16/31841/22663 ok
18:02:55   orthophoto 16/31841/22663 ok
18:02:55   orthophoto 16/31841/22664 ok
18:02:55   orthophoto 16/31841/22664 ok
18:02:55   orthophoto 16/31841/22664 ok
18:02:56   orthophoto 16/31841/22664 ok
18:02:56   orthophoto 16/31841/22665 ok
18:02:56   orthophoto 16/31841/22665 ok
18:02:56   orthophoto 16/31841/22665 ok
18:02:57   orthophoto 16/31841/22666 ok
18:02:57   orthophoto 16/31841/22666 ok
18:02:57   orthophoto 16/31841/22667 ok
18:02:57   orthophoto 16/31841/22665 ok
18:02:58   orthophoto 16/31841/22667 ok
18:02:58   orthophoto 16/31841/22668 ok
18:02:58   orthophoto 16/31841/22666 ok
18:02:58   orthophoto 16/31841/22668 ok
18:02:58   orthophoto 16/31841/22669 ok
18:02:58   orthophoto 16/31841/22669 ok
18:02:58   orthophoto 16/31841/22668 ok
18:02:59   orthophoto 16/31841/22669 ok
18:02:59   orthophoto 16/31841/22670 ok
18:02:59   orthophoto 16/31841/22670 ok
18:02:59   orthophoto 16/31841/22670 ok
18:02:59   orthophoto 16/31841/22670 ok
18:03:00   orthophoto 16/31842/22640 ok
18:03:00   orthophoto 16/31842/22640 ok
18:03:00   orthophoto 16/31842/22640 ok
18:03:00   orthophoto 16/31842/22640 ok
18:03:00   orthophoto 16/31842/22641 ok
18:03:00   orthophoto 16/31842/22641 ok
18:03:00   orthophoto 16/31842/22641 ok
18:03:01   orthophoto 16/31842/22642 ok
18:03:01   orthophoto 16/31842/22641 ok
18:03:01   orthophoto 16/31842/22642 ok
18:03:01   orthophoto 16/31842/22642 ok
18:03:01   orthophoto 16/31842/22643 ok
18:03:02   orthophoto 16/31842/22643 ok
18:03:02   orthophoto 16/31842/22643 ok
18:03:02   orthophoto 16/31842/22644 ok
18:03:02   orthophoto 16/31842/22644 ok
18:03:02   orthophoto 16/31842/22643 ok
18:03:02   orthophoto 16/31842/22644 ok
18:03:03   orthophoto 16/31842/22645 ok
18:03:03   orthophoto 16/31842/22645 ok
18:03:03   orthophoto 16/31842/22645 ok
18:03:03   orthophoto 16/31842/22645 ok
18:03:03   orthophoto 16/31842/22646 ok
18:03:04   orthophoto 16/31842/22646 ok
18:03:04   orthophoto 16/31842/22646 ok
18:03:04   orthophoto 16/31842/22647 ok
18:03:04   orthophoto 16/31842/22647 ok
18:03:04   orthophoto 16/31842/22647 ok
18:03:05   orthophoto 16/31842/22648 ok
18:03:05   orthophoto 16/31842/22649 ok
18:03:05   orthophoto 16/31842/22648 ok
18:03:05   orthophoto 16/31842/22648 ok
18:03:05   orthophoto 16/31842/22646 ok
18:03:05   orthophoto 16/31842/22650 ok
18:03:06   orthophoto 16/31842/22650 ok
18:03:06   orthophoto 16/31842/22650 ok
18:03:06   orthophoto 16/31842/22651 ok
18:03:06   orthophoto 16/31842/22650 ok
18:03:07   orthophoto 16/31842/22651 ok
18:03:07   orthophoto 16/31842/22651 ok
18:03:07   orthophoto 16/31842/22652 ok
18:03:07   orthophoto 16/31842/22652 ok
18:03:07   orthophoto 16/31842/22653 ok
18:03:07   orthophoto 16/31842/22652 ok
18:03:07   orthophoto 16/31842/22652 ok
18:03:08   orthophoto 16/31842/22653 ok
18:03:08   orthophoto 16/31842/22654 ok
18:03:08   orthophoto 16/31842/22654 ok
18:03:08   orthophoto 16/31842/22654 ok
18:03:08   orthophoto 16/31842/22654 ok
18:03:08   orthophoto 16/31842/22655 ok
18:03:08   orthophoto 16/31842/22655 ok
18:03:09   orthophoto 16/31842/22655 ok
18:03:09   orthophoto 16/31842/22656 ok
18:03:09   orthophoto 16/31842/22656 ok
18:03:09   orthophoto 16/31842/22655 ok
18:03:10   orthophoto 16/31842/22657 ok
18:03:10   orthophoto 16/31842/22658 ok
18:03:10   orthophoto 16/31842/22657 ok
18:03:10   orthophoto 16/31842/22657 ok
18:03:10   orthophoto 16/31842/22656 ok
18:03:11   orthophoto 16/31842/22659 ok
18:03:11   orthophoto 16/31842/22659 ok
18:03:11   orthophoto 16/31842/22659 ok
18:03:11   orthophoto 16/31842/22659 ok
18:03:11   orthophoto 16/31842/22660 ok
18:03:11   orthophoto 16/31842/22660 ok
18:03:12   orthophoto 16/31842/22660 ok
18:03:12   orthophoto 16/31842/22661 ok
18:03:12   orthophoto 16/31842/22660 ok
18:03:12   orthophoto 16/31842/22661 ok
18:03:12   orthophoto 16/31842/22661 ok
18:03:12   orthophoto 16/31842/22662 ok
18:03:13   orthophoto 16/31842/22662 ok
18:03:13   orthophoto 16/31842/22662 ok
18:03:13   orthophoto 16/31842/22662 ok
18:03:13   orthophoto 16/31842/22663 ok
18:03:13   orthophoto 16/31842/22663 ok
18:03:13   orthophoto 16/31842/22663 ok
18:03:14   orthophoto 16/31842/22664 ok
18:03:14   orthophoto 16/31842/22664 ok
18:03:14   orthophoto 16/31842/22664 ok
18:03:14   orthophoto 16/31842/22663 ok
18:03:15   orthophoto 16/31842/22665 ok
18:03:15   orthophoto 16/31842/22665 ok
18:03:15   orthophoto 16/31842/22665 ok
18:03:15   orthophoto 16/31842/22665 ok
18:03:15   orthophoto 16/31842/22666 ok
18:03:16   orthophoto 16/31842/22666 ok
18:03:16   orthophoto 16/31842/22666 ok
18:03:16   orthophoto 16/31842/22667 ok
18:03:17   orthophoto 16/31842/22666 ok
18:03:17   orthophoto 16/31842/22667 ok
18:03:17   orthophoto 16/31842/22667 ok
18:03:17   orthophoto 16/31842/22668 ok
18:03:17   orthophoto 16/31842/22668 ok
18:03:17   orthophoto 16/31842/22668 ok
18:03:17   orthophoto 16/31842/22668 ok
18:03:17   orthophoto 16/31842/22669 ok
18:03:18   orthophoto 16/31842/22669 ok
18:03:18   orthophoto 16/31842/22669 ok
18:03:18   orthophoto 16/31842/22670 ok
18:03:18   orthophoto 16/31842/22670 ok
18:03:18   orthophoto 16/31842/22669 ok
18:03:19   orthophoto 16/31843/22640 ok
18:03:19   orthophoto 16/31843/22640 ok
18:03:19   orthophoto 16/31843/22640 ok
18:03:19   orthophoto 16/31842/22670 ok
18:03:19   orthophoto 16/31843/22641 ok
18:03:19   orthophoto 16/31843/22641 ok
18:03:19   orthophoto 16/31843/22641 ok
18:03:20   orthophoto 16/31843/22641 ok
18:03:20   orthophoto 16/31843/22642 ok
18:03:20   orthophoto 16/31843/22642 ok
18:03:20   orthophoto 16/31843/22642 ok
18:03:20   orthophoto 16/31843/22642 ok
18:03:20   orthophoto 16/31843/22643 ok
18:03:20   orthophoto 16/31843/22643 ok
18:03:21   orthophoto 16/31843/22643 ok
18:03:21   orthophoto 16/31843/22643 ok
18:03:21   orthophoto 16/31843/22644 ok
18:03:21   orthophoto 16/31843/22644 ok
18:03:21   orthophoto 16/31843/22644 ok
18:03:22   orthophoto 16/31843/22645 ok
18:03:22   orthophoto 16/31843/22645 ok
18:03:22   orthophoto 16/31843/22644 ok
18:03:23   orthophoto 16/31843/22646 ok
18:03:23   orthophoto 16/31843/22646 ok
18:03:23   orthophoto 16/31843/22646 ok
18:03:23   orthophoto 16/31843/22647 ok
18:03:24   orthophoto 16/31843/22647 ok
18:03:24   orthophoto 16/31843/22647 ok
18:03:24   orthophoto 16/31843/22648 ok
18:03:24   orthophoto 16/31843/22648 ok
18:03:24   orthophoto 16/31843/22648 ok
18:03:25   orthophoto 16/31843/22649 ok
18:03:25   orthophoto 16/31843/22649 ok
18:03:25   orthophoto 16/31843/22649 ok
18:03:25   orthophoto 16/31843/22650 ok
18:03:26   orthophoto 16/31843/22650 ok
18:03:26   orthophoto 16/31843/22651 ok
18:03:26   orthophoto 16/31843/22650 ok
18:03:26   orthophoto 16/31843/22651 ok
18:03:27   orthophoto 16/31843/22652 ok
18:03:27   orthophoto 16/31843/22652 ok
18:03:27   orthophoto 16/31843/22653 ok
18:03:27   orthophoto 16/31843/22653 ok
18:03:28   orthophoto 16/31843/22654 ok
18:03:28   orthophoto 16/31843/22654 ok
18:03:28   orthophoto 16/31843/22655 ok
18:03:28   orthophoto 16/31843/22655 ok
18:03:29   orthophoto 16/31843/22656 ok
18:03:29   orthophoto 16/31843/22656 ok
18:03:29   orthophoto 16/31843/22657 ok
18:03:30   orthophoto 16/31843/22657 ok
18:03:30   orthophoto 16/31843/22652 ok
18:03:30   orthophoto 16/31843/22658 ok
18:03:30   orthophoto 16/31843/22658 ok
18:03:31   orthophoto 16/31843/22658 ok
18:03:31   orthophoto 16/31843/22659 ok
18:03:31   orthophoto 16/31843/22659 ok
18:03:31   orthophoto 16/31843/22659 ok
18:03:31   orthophoto 16/31843/22660 ok
18:03:32   orthophoto 16/31843/22660 ok
18:03:32   orthophoto 16/31843/22661 ok
18:03:32   orthophoto 16/31843/22660 ok
18:03:33   orthophoto 16/31843/22662 ok
18:03:33   orthophoto 16/31843/22661 ok
18:03:33   orthophoto 16/31843/22662 ok
18:03:33   orthophoto 16/31843/22663 ok
18:03:33   orthophoto 16/31843/22663 ok
18:03:34   orthophoto 16/31843/22664 ok
18:03:34   orthophoto 16/31843/22663 ok
18:03:34   orthophoto 16/31843/22664 ok
18:03:35   orthophoto 16/31843/22665 ok
18:03:35   orthophoto 16/31843/22665 ok
18:03:35   orthophoto 16/31843/22665 ok
18:03:35   orthophoto 16/31843/22666 ok
18:03:36   orthophoto 16/31843/22666 ok
18:03:36   orthophoto 16/31843/22667 ok
18:03:36   orthophoto 16/31843/22666 ok
18:03:36   orthophoto 16/31843/22667 ok
18:03:37   orthophoto 16/31843/22668 ok
18:03:37   orthophoto 16/31843/22668 ok
18:03:37 [relief] tuiles AWS Terrarium…
18:03:37 [orthophoto] tuiles IGN…
18:03:37   orthophoto 16/31843/22668 ok
18:03:37   orthophoto 16/31843/22669 ok
18:03:37   orthophoto 16/31843/22669 ok
18:03:38   orthophoto 16/31843/22669 ok
18:03:38   orthophoto 16/31843/22670 ok
18:03:38   orthophoto 16/31843/22670 ok
18:03:38   orthophoto 16/31843/22670 ok
18:03:38   orthophoto 16/31844/22640 ok
18:03:38   orthophoto 16/31843/22669 ok
18:03:39   orthophoto 16/31844/22640 ok
18:03:39   orthophoto 16/31844/22641 ok
18:03:39   orthophoto 16/31844/22640 ok
18:03:39   orthophoto 16/31844/22641 ok
18:03:39   orthophoto 16/31844/22641 ok
18:03:39   orthophoto 16/31844/22642 ok
18:03:40   orthophoto 16/31844/22642 ok
18:03:40   orthophoto 16/31844/22642 ok
18:03:40   orthophoto 16/31844/22643 ok
18:03:40   orthophoto 16/31844/22642 ok
18:03:40   orthophoto 16/31844/22643 ok
18:03:40   orthophoto 16/31844/22643 ok
18:03:40   orthophoto 16/31844/22644 ok
18:03:41   orthophoto 16/31844/22644 ok
18:03:41   orthophoto 16/31844/22644 ok
18:03:41   orthophoto 16/31844/22644 ok
18:03:42   orthophoto 16/31844/22645 ok
18:03:42   orthophoto 16/31844/22645 ok
18:03:42   orthophoto 16/31844/22645 ok
18:03:42   orthophoto 16/31844/22645 ok
18:03:42   orthophoto 16/31844/22646 ok
18:03:43   orthophoto 16/31844/22646 ok
18:03:43   orthophoto 16/31844/22646 ok
18:03:43   orthophoto 16/31844/22646 ok
18:03:43   orthophoto 16/31844/22647 ok
18:03:44   orthophoto 16/31844/22647 ok
18:03:44   orthophoto 16/31844/22647 ok
18:03:44   orthophoto 16/31844/22647 ok
18:03:44   orthophoto 16/31844/22648 ok
18:03:44   orthophoto 16/31844/22648 ok
18:03:44   orthophoto 16/31844/22648 ok
18:03:44   orthophoto 16/31844/22648 ok
18:03:45   orthophoto 16/31844/22649 ok
18:03:45   orthophoto 16/31844/22649 ok
18:03:45   orthophoto 16/31844/22649 ok
18:03:45   orthophoto 16/31844/22649 ok
18:03:46   orthophoto 16/31844/22650 ok
18:03:46   orthophoto 16/31844/22650 ok
18:03:46   orthophoto 16/31844/22650 ok
18:03:46   orthophoto 16/31844/22650 ok
18:03:47   orthophoto 16/31844/22651 ok
18:03:47   orthophoto 16/31844/22651 ok
18:03:47   orthophoto 16/31844/22651 ok
18:03:47   orthophoto 16/31844/22651 ok
18:03:47   orthophoto 16/31844/22652 ok
18:03:47   orthophoto 16/31844/22652 ok
18:03:48   orthophoto 16/31844/22652 ok
18:03:48   orthophoto 16/31844/22652 ok
18:03:48   orthophoto 16/31844/22653 ok
18:03:48   orthophoto 16/31844/22653 ok
18:03:48   orthophoto 16/31844/22653 ok
18:03:48   orthophoto 16/31844/22654 ok
18:03:49   orthophoto 16/31844/22653 ok
18:03:49   orthophoto 16/31844/22655 ok
18:03:49   orthophoto 16/31844/22654 ok
18:03:49   orthophoto 16/31844/22654 ok
18:03:49   orthophoto 16/31844/22655 ok
18:03:50   orthophoto 16/31844/22656 ok
18:03:50   orthophoto 16/31844/22656 ok
18:03:50   orthophoto 16/31844/22656 ok
18:03:50   orthophoto 16/31844/22657 ok
18:03:50   orthophoto 16/31844/22657 ok
18:03:50   orthophoto 16/31844/22656 ok
18:03:51   orthophoto 16/31844/22657 ok
18:03:51   orthophoto 16/31844/22658 ok
18:03:51   orthophoto 16/31844/22658 ok
18:03:51   orthophoto 16/31844/22658 ok
18:03:51   orthophoto 16/31844/22658 ok
18:03:52   orthophoto 16/31844/22659 ok
18:03:52   orthophoto 16/31844/22659 ok
18:03:52   orthophoto 16/31844/22659 ok
18:03:52   orthophoto 16/31844/22659 ok
18:03:52   orthophoto 16/31844/22660 ok
18:03:53   orthophoto 16/31844/22660 ok
18:03:53   orthophoto 16/31844/22660 ok
18:03:53   orthophoto 16/31844/22661 ok
18:03:53   orthophoto 16/31844/22660 ok
18:03:53   orthophoto 16/31844/22661 ok
18:03:53   orthophoto 16/31844/22662 ok
18:03:53   orthophoto 16/31844/22661 ok
18:03:53   orthophoto 16/31844/22662 ok
18:03:54   orthophoto 16/31844/22662 ok
18:03:54   orthophoto 16/31844/22663 ok
18:03:54   orthophoto 16/31844/22663 ok
18:03:54   orthophoto 16/31844/22663 ok
18:03:54   orthophoto 16/31844/22663 ok
18:03:55   orthophoto 16/31844/22664 ok
18:03:55   orthophoto 16/31844/22664 ok
18:03:55   orthophoto 16/31844/22664 ok
18:03:55   orthophoto 16/31844/22664 ok
18:03:55   orthophoto 16/31844/22665 ok
18:03:55   orthophoto 16/31844/22665 ok
18:03:55   orthophoto 16/31844/22665 ok
18:03:56   orthophoto 16/31844/22666 ok
18:03:56   orthophoto 16/31844/22666 ok
18:03:56   orthophoto 16/31844/22665 ok
18:03:56   orthophoto 16/31844/22666 ok
18:03:57   orthophoto 16/31844/22667 ok
18:03:57   orthophoto 16/31844/22667 ok
18:03:57   orthophoto 16/31844/22667 ok
18:03:57   orthophoto 16/31844/22667 ok
18:03:58   orthophoto 16/31844/22668 ok
18:03:58   orthophoto 16/31844/22668 ok
18:03:58   orthophoto 16/31844/22668 ok
18:03:58   orthophoto 16/31844/22668 ok
18:03:58   orthophoto 16/31844/22669 ok
18:03:58   orthophoto 16/31844/22669 ok
18:03:58   orthophoto 16/31844/22669 ok
18:03:58   orthophoto 16/31844/22669 ok
18:03:59   orthophoto 16/31844/22670 ok
18:03:59   orthophoto 16/31844/22670 ok
18:03:59   orthophoto 16/31844/22670 ok
18:03:59   orthophoto 16/31844/22670 ok
18:03:59   orthophoto 16/31845/22640 ok
18:04:00   orthophoto 16/31845/22640 ok
18:04:00   orthophoto 16/31845/22640 ok
18:04:00   orthophoto 16/31845/22640 ok
18:04:00   orthophoto 16/31845/22641 ok
18:04:00   orthophoto 16/31845/22641 ok
18:04:00   orthophoto 16/31845/22641 ok
18:04:00   orthophoto 16/31845/22641 ok
18:04:01   orthophoto 16/31845/22642 ok
18:04:01   orthophoto 16/31845/22642 ok
18:04:01   orthophoto 16/31845/22642 ok
18:04:01   orthophoto 16/31845/22642 ok
18:04:01   orthophoto 16/31845/22643 ok
18:04:01   orthophoto 16/31845/22643 ok
18:04:02   orthophoto 16/31845/22643 ok
18:04:02   orthophoto 16/31845/22643 ok
18:04:02   orthophoto 16/31845/22644 ok
18:04:02   orthophoto 16/31845/22644 ok
18:04:02   orthophoto 16/31845/22644 ok
18:04:02   orthophoto 16/31845/22644 ok
18:04:03   orthophoto 16/31845/22645 ok
18:04:03   orthophoto 16/31845/22645 ok
18:04:03   orthophoto 16/31845/22645 ok
18:04:03   orthophoto 16/31845/22645 ok
18:04:03   orthophoto 16/31845/22646 ok
18:04:03   orthophoto 16/31845/22646 ok
18:04:03   orthophoto 16/31845/22646 ok
18:04:04   orthophoto 16/31845/22646 ok
18:04:04   orthophoto 16/31845/22647 ok
18:04:04   orthophoto 16/31845/22647 ok
18:04:04   orthophoto 16/31845/22647 ok
18:04:04   orthophoto 16/31845/22647 ok
18:04:04   orthophoto 16/31845/22648 ok
18:04:05   orthophoto 16/31845/22648 ok
18:04:05   orthophoto 16/31845/22649 ok
18:04:06   orthophoto 16/31845/22650 ok
18:04:06   orthophoto 16/31845/22649 ok
18:04:06   orthophoto 16/31845/22648 ok
18:04:06   orthophoto 16/31845/22651 ok
18:04:06   orthophoto 16/31845/22651 ok
18:04:06   orthophoto 16/31845/22651 ok
18:04:07   orthophoto 16/31845/22652 ok
18:04:07   orthophoto 16/31845/22652 ok
18:04:07   orthophoto 16/31845/22652 ok
18:04:07   orthophoto 16/31845/22653 ok
18:04:08   orthophoto 16/31845/22653 ok
18:04:08   orthophoto 16/31845/22654 ok
18:04:08   orthophoto 16/31845/22653 ok
18:04:08   orthophoto 16/31845/22654 ok
18:04:09   orthophoto 16/31845/22655 ok
18:04:09   orthophoto 16/31845/22655 ok
18:04:09   orthophoto 16/31845/22655 ok
18:04:09   orthophoto 16/31845/22656 ok
18:04:10   orthophoto 16/31845/22656 ok
18:04:10   orthophoto 16/31845/22656 ok
18:04:10   orthophoto 16/31845/22657 ok
18:04:10   orthophoto 16/31845/22657 ok
18:04:10   orthophoto 16/31845/22657 ok
18:04:11   orthophoto 16/31845/22658 ok
18:04:11   orthophoto 16/31845/22658 ok
18:04:11   orthophoto 16/31845/22658 ok
18:04:11   orthophoto 16/31845/22659 ok
18:04:11   orthophoto 16/31845/22659 ok
18:04:11   orthophoto 16/31845/22659 ok
18:04:12   orthophoto 16/31845/22660 ok
18:04:12   orthophoto 16/31845/22660 ok
18:04:12   orthophoto 16/31845/22660 ok
18:04:13   orthophoto 16/31845/22661 ok
18:04:13   orthophoto 16/31845/22661 ok
18:04:13   orthophoto 16/31845/22661 ok
18:04:13   orthophoto 16/31845/22662 ok
18:04:14   orthophoto 16/31845/22662 ok
18:04:14   orthophoto 16/31845/22662 ok
18:04:14   orthophoto 16/31845/22663 ok
18:04:14   orthophoto 16/31845/22663 ok
18:04:14   orthophoto 16/31845/22663 ok
18:04:15   orthophoto 16/31845/22664 ok
18:04:15   orthophoto 16/31845/22664 ok
18:04:16   orthophoto 16/31845/22665 ok
18:04:16   orthophoto 16/31845/22665 ok
18:04:17   orthophoto 16/31845/22666 ok
18:04:17   orthophoto 16/31845/22666 ok
18:04:17   orthophoto 16/31845/22667 ok
18:04:17   orthophoto 16/31845/22667 ok
18:04:18   orthophoto 16/31845/22668 ok
18:04:18   orthophoto 16/31845/22668 ok
18:04:18   orthophoto 16/31845/22669 ok
18:04:18   orthophoto 16/31845/22669 ok
18:04:19   orthophoto 16/31845/22670 ok
18:04:19   orthophoto 16/31845/22670 ok
18:04:19   orthophoto 16/31846/22640 ok
18:04:20   orthophoto 16/31846/22640 ok
18:04:20   orthophoto 16/31846/22641 ok
18:04:20   orthophoto 16/31846/22641 ok
18:04:21   orthophoto 16/31846/22642 ok
18:04:21   orthophoto 16/31846/22642 ok
18:04:21   orthophoto 16/31846/22643 ok
18:04:21   orthophoto 16/31846/22643 ok
18:04:22   orthophoto 16/31846/22644 ok
18:04:23   orthophoto 16/31846/22644 ok
18:04:23   orthophoto 16/31846/22646 ok
18:04:24   orthophoto 16/31846/22647 ok
18:04:24   orthophoto 16/31846/22648 ok
18:04:25   orthophoto 16/31846/22649 ok
18:04:25   orthophoto 16/31846/22650 ok
18:04:26   orthophoto 16/31846/22651 ok
18:04:26   orthophoto 16/31846/22652 ok
18:04:27   orthophoto 16/31846/22653 ok
18:04:27   orthophoto 16/31846/22654 ok
18:04:28   orthophoto 16/31846/22655 ok
18:04:29   orthophoto 16/31846/22656 ok
18:04:29   orthophoto 16/31846/22657 ok
18:04:30   orthophoto 16/31846/22658 ok
18:04:30   orthophoto 16/31846/22659 ok
18:04:31   orthophoto 16/31846/22660 ok
18:04:32   orthophoto 16/31846/22661 ok
18:04:32   orthophoto 16/31846/22662 ok
18:04:33   orthophoto 16/31846/22663 ok
18:04:34   orthophoto 16/31846/22664 ok
18:04:35   orthophoto 16/31846/22665 ok
18:04:36   orthophoto 16/31846/22666 ok
18:04:37   orthophoto 16/31846/22667 ok
18:04:37   orthophoto 16/31846/22668 ok
18:04:38   orthophoto 16/31846/22669 ok
18:04:38   orthophoto 16/31846/22670 ok
18:04:39   orthophoto 16/31847/22640 ok
18:04:40   orthophoto 16/31847/22641 ok
18:04:41   orthophoto 16/31847/22642 ok
18:04:41   orthophoto 16/31847/22643 ok
18:04:42   orthophoto 16/31847/22644 ok
18:04:42   orthophoto 16/31847/22645 ok
18:04:43   orthophoto 16/31847/22646 ok
18:04:44   orthophoto 16/31847/22647 ok
18:04:45   orthophoto 16/31847/22648 ok
18:04:46   orthophoto 16/31847/22649 ok
18:04:46   orthophoto 16/31847/22650 ok
18:04:47   orthophoto 16/31847/22651 ok
18:04:47   orthophoto 16/31847/22652 ok
18:04:48   orthophoto 16/31847/22653 ok
18:04:48   orthophoto 16/31847/22654 ok
18:04:49   orthophoto 16/31847/22655 ok
18:04:50   orthophoto 16/31847/22656 ok
18:04:51   orthophoto 16/31847/22657 ok
18:04:51   orthophoto 16/31847/22658 ok
18:04:52   orthophoto 16/31847/22659 ok
18:04:52   orthophoto 16/31847/22660 ok
18:04:53   orthophoto 16/31847/22661 ok
18:04:54   orthophoto 16/31847/22662 ok
18:04:54   orthophoto 16/31847/22663 ok
18:04:55   orthophoto 16/31847/22664 ok
18:04:55   orthophoto 16/31847/22665 ok
18:04:56   orthophoto 16/31847/22666 ok
18:04:56   orthophoto 16/31847/22667 ok
18:04:57   orthophoto 16/31847/22668 ok
18:04:58   orthophoto 16/31847/22669 ok
18:04:58   orthophoto 16/31847/22670 ok
18:04:59   orthophoto 16/31848/22640 ok
18:04:59   orthophoto 16/31848/22641 ok
18:05:01   orthophoto 16/31848/22642 ok
18:05:01   orthophoto 16/31848/22643 ok
18:05:02   orthophoto 16/31848/22644 ok
18:05:03   orthophoto 16/31848/22645 ok
18:05:04   orthophoto 16/31848/22646 ok
18:05:04   orthophoto 16/31848/22647 ok
18:05:05   orthophoto 16/31848/22648 ok
18:05:05   orthophoto 16/31848/22649 ok
18:05:06   orthophoto 16/31848/22650 ok
18:05:07   orthophoto 16/31848/22651 ok
18:05:07   orthophoto 16/31848/22652 ok
18:05:08   orthophoto 16/31848/22653 ok
18:05:09   orthophoto 16/31848/22654 ok
18:05:09   orthophoto 16/31848/22655 ok
18:05:10   orthophoto 16/31848/22656 ok
18:05:10   orthophoto 16/31848/22657 ok
18:05:11   orthophoto 16/31848/22658 ok
18:05:12   orthophoto 16/31848/22659 ok
18:05:13   orthophoto 16/31848/22660 ok
18:05:13   orthophoto 16/31848/22661 ok
18:05:14   orthophoto 16/31848/22662 ok
18:05:15   orthophoto 16/31848/22663 ok
18:05:16   orthophoto 16/31848/22664 ok
18:05:16   orthophoto 16/31848/22665 ok
18:05:17   orthophoto 16/31848/22666 ok
18:05:18   orthophoto 16/31848/22667 ok
18:05:18   orthophoto 16/31848/22668 ok
18:05:20   orthophoto 16/31848/22669 ok
18:05:20   orthophoto 16/31848/22670 ok
18:05:22   orthophoto 16/31849/22640 ok
18:05:22   orthophoto 16/31849/22641 ok
18:05:23   orthophoto 16/31849/22642 ok
18:05:24   orthophoto 16/31849/22643 ok
18:05:25   orthophoto 16/31849/22644 ok
18:05:25   orthophoto 16/31849/22645 ok
18:05:26   orthophoto 16/31849/22646 ok
18:05:27   orthophoto 16/31849/22647 ok
18:05:27   orthophoto 16/31849/22648 ok
18:05:28   orthophoto 16/31849/22649 ok
18:05:29   orthophoto 16/31849/22650 ok
18:05:29   orthophoto 16/31849/22651 ok
18:05:30   orthophoto 16/31849/22652 ok
18:05:31   orthophoto 16/31849/22653 ok
18:05:31   orthophoto 16/31849/22654 ok
18:05:32   orthophoto 16/31849/22655 ok
18:05:33   orthophoto 16/31849/22656 ok
18:05:33   orthophoto 16/31849/22657 ok
18:05:34   orthophoto 16/31849/22658 ok
18:05:34   orthophoto 16/31849/22659 ok
18:05:35   orthophoto 16/31849/22660 ok
18:05:35   orthophoto 16/31849/22661 ok
18:05:36   orthophoto 16/31849/22662 ok
18:05:37   orthophoto 16/31849/22663 ok
18:05:37   orthophoto 16/31849/22664 ok
18:05:38   orthophoto 16/31849/22665 ok
18:05:39   orthophoto 16/31849/22666 ok
18:05:39   orthophoto 16/31849/22667 ok
18:05:40   orthophoto 16/31849/22668 ok
18:05:41   orthophoto 16/31849/22669 ok
18:05:41   orthophoto 16/31849/22670 ok
18:05:42   orthophoto 16/31850/22640 ok
18:05:42   orthophoto 16/31850/22641 ok
18:05:43   orthophoto 16/31850/22642 ok
18:05:43   orthophoto 16/31850/22643 ok
18:05:44   orthophoto 16/31850/22644 ok
18:05:44   orthophoto 16/31850/22645 ok
18:05:45   orthophoto 16/31850/22646 ok
18:05:45   orthophoto 16/31850/22647 ok
18:05:46   orthophoto 16/31850/22648 ok
18:05:46   orthophoto 16/31850/22649 ok
18:05:47   orthophoto 16/31850/22650 ok
18:05:48   orthophoto 16/31850/22651 ok
18:05:49   orthophoto 16/31850/22652 ok
18:05:50   orthophoto 16/31850/22653 ok
18:05:51   orthophoto 16/31850/22654 ok
18:05:51   orthophoto 16/31850/22655 ok
18:05:53   orthophoto 16/31850/22656 ok
18:05:53   orthophoto 16/31850/22657 ok
18:05:54   orthophoto 16/31850/22658 ok
18:05:54   orthophoto 16/31850/22659 ok
18:05:55   orthophoto 16/31850/22660 ok
18:05:56   orthophoto 16/31850/22661 ok
18:05:56   orthophoto 16/31850/22662 ok
18:05:57   orthophoto 16/31850/22663 ok
18:05:57   orthophoto 16/31850/22664 ok
18:05:59   orthophoto 16/31850/22665 ok
18:05:59   orthophoto 16/31850/22666 ok
18:06:00   orthophoto 16/31850/22667 ok
18:06:02   orthophoto 16/31850/22668 ok
18:06:02   orthophoto 16/31850/22669 ok
18:06:03   orthophoto 16/31850/22670 ok
18:06:04   orthophoto 16/31851/22640 ok
18:06:04   orthophoto 16/31851/22641 ok
18:06:05   orthophoto 16/31851/22642 ok
18:06:06   orthophoto 16/31851/22643 ok
18:06:06   orthophoto 16/31851/22644 ok
18:06:07   orthophoto 16/31851/22645 ok
18:06:08   orthophoto 16/31851/22646 ok
18:06:09   orthophoto 16/31851/22647 ok
18:06:09   orthophoto 16/31851/22648 ok
18:06:10   orthophoto 16/31851/22649 ok
18:06:11   orthophoto 16/31851/22650 ok
18:06:11   orthophoto 16/31851/22651 ok
18:06:12   orthophoto 16/31851/22652 ok
18:06:13   orthophoto 16/31851/22653 ok
18:06:13   orthophoto 16/31851/22654 ok
18:06:14   orthophoto 16/31851/22655 ok
18:06:14   orthophoto 16/31851/22656 ok
18:06:15   orthophoto 16/31851/22657 ok
18:06:15   orthophoto 16/31851/22658 ok
18:06:16   orthophoto 16/31851/22659 ok
18:06:17   orthophoto 16/31851/22660 ok
18:06:18   orthophoto 16/31851/22661 ok
18:06:18   orthophoto 16/31851/22662 ok
18:06:20   orthophoto 16/31851/22663 ok
18:06:20   orthophoto 16/31851/22664 ok
18:06:21   orthophoto 16/31851/22665 ok
18:06:22   orthophoto 16/31851/22666 ok
18:06:23   orthophoto 16/31851/22667 ok
18:06:23   orthophoto 16/31851/22668 ok
18:06:24   orthophoto 16/31851/22669 ok
18:06:25   orthophoto 16/31851/22670 ok
18:06:25   orthophoto 16/31852/22640 ok
18:06:26   orthophoto 16/31852/22641 ok
18:06:27   orthophoto 16/31852/22642 ok
18:06:27   orthophoto 16/31852/22643 ok
18:06:28   orthophoto 16/31852/22644 ok
18:06:29   orthophoto 16/31852/22645 ok
18:06:29   orthophoto 16/31852/22646 ok
18:06:30   orthophoto 16/31852/22647 ok
18:06:31   orthophoto 16/31852/22648 ok
18:06:31   orthophoto 16/31852/22649 ok
18:06:31   orthophoto 16/31852/22650 ok
18:06:32   orthophoto 16/31852/22651 ok
18:06:33   orthophoto 16/31852/22652 ok
18:06:33   orthophoto 16/31852/22653 ok
18:06:34   orthophoto 16/31852/22654 ok
18:06:34   orthophoto 16/31852/22655 ok
18:06:35   orthophoto 16/31852/22656 ok
18:06:35   orthophoto 16/31852/22657 ok
18:06:36   orthophoto 16/31852/22658 ok
18:06:37   orthophoto 16/31852/22659 ok
18:06:38   orthophoto 16/31852/22660 ok
18:06:38   orthophoto 16/31852/22661 ok
18:06:38   orthophoto 16/31852/22662 ok
18:06:39   orthophoto 16/31852/22663 ok
18:06:40   orthophoto 16/31852/22664 ok
18:06:41   orthophoto 16/31852/22665 ok
18:06:41   orthophoto 16/31852/22666 ok
18:06:42   orthophoto 16/31852/22667 ok
18:06:43   orthophoto 16/31852/22668 ok
18:06:43   orthophoto 16/31852/22669 ok
18:06:44   orthophoto 16/31852/22670 ok
18:06:45   orthophoto 16/31853/22640 ok
18:06:45   orthophoto 16/31853/22641 ok
18:06:46   orthophoto 16/31853/22642 ok
18:06:47   orthophoto 16/31853/22643 ok
18:06:47   orthophoto 16/31853/22644 ok
18:06:48   orthophoto 16/31853/22645 ok
18:06:48   orthophoto 16/31853/22646 ok
18:06:49   orthophoto 16/31853/22647 ok
18:06:49   orthophoto 16/31853/22648 ok
18:06:50   orthophoto 16/31853/22649 ok
18:06:51   orthophoto 16/31853/22650 ok
18:06:51   orthophoto 16/31853/22651 ok
18:06:52   orthophoto 16/31853/22652 ok
18:06:54   orthophoto 16/31853/22653 ok
18:06:54   orthophoto 16/31853/22654 ok
18:06:55   orthophoto 16/31853/22655 ok
18:06:56   orthophoto 16/31853/22656 ok
18:06:56   orthophoto 16/31853/22657 ok
18:06:57   orthophoto 16/31853/22658 ok
18:06:58   orthophoto 16/31853/22659 ok
18:06:58   orthophoto 16/31853/22660 ok
18:06:59   orthophoto 16/31853/22661 ok
18:07:00   orthophoto 16/31853/22662 ok
18:07:00   orthophoto 16/31853/22663 ok
18:07:01   orthophoto 16/31853/22664 ok
18:07:02   orthophoto 16/31853/22665 ok
18:07:02   orthophoto 16/31853/22666 ok
18:07:04   orthophoto 16/31853/22667 ok
18:07:05   orthophoto 16/31853/22668 ok
18:07:06   orthophoto 16/31853/22669 ok
18:07:06   orthophoto 16/31853/22670 ok
18:07:09   orthophoto 16/31854/22640 ok
18:07:09   orthophoto 16/31854/22641 ok
18:07:11   orthophoto 16/31854/22642 ok
18:07:11   orthophoto 16/31854/22643 ok
18:07:12   orthophoto 16/31854/22644 ok
18:07:12   orthophoto 16/31854/22645 ok
18:07:13   orthophoto 16/31854/22646 ok
18:07:14   orthophoto 16/31854/22647 ok
18:07:14   orthophoto 16/31854/22648 ok
18:07:15   orthophoto 16/31854/22649 ok
18:07:16   orthophoto 16/31854/22650 ok
18:07:16   orthophoto 16/31854/22651 ok
18:07:17   orthophoto 16/31854/22652 ok
18:07:17   orthophoto 16/31854/22653 ok
18:07:18   orthophoto 16/31854/22654 ok
18:07:18   orthophoto 16/31854/22655 ok
18:07:19   orthophoto 16/31854/22656 ok
18:07:19   orthophoto 16/31854/22657 ok
18:07:20   orthophoto 16/31854/22658 ok
18:07:20   orthophoto 16/31854/22659 ok
18:07:21   orthophoto 16/31854/22660 ok
18:07:23   orthophoto 16/31854/22661 ok
18:07:23   orthophoto 16/31854/22662 ok
18:07:24   orthophoto 16/31854/22663 ok
18:07:25   orthophoto 16/31854/22664 ok
18:07:26   orthophoto 16/31854/22665 ok
18:07:27   orthophoto 16/31854/22666 ok
18:07:28   orthophoto 16/31854/22667 ok
18:07:29   orthophoto 16/31854/22668 ok
18:07:30   orthophoto 16/31854/22669 ok
18:07:30   orthophoto 16/31854/22670 ok
18:07:31   orthophoto 16/31855/22640 ok
18:07:31   orthophoto 16/31855/22641 ok
18:07:32   orthophoto 16/31855/22642 ok
18:07:33   orthophoto 16/31855/22643 ok
18:07:33   orthophoto 16/31855/22644 ok
18:07:34   orthophoto 16/31855/22645 ok
18:07:35   orthophoto 16/31855/22646 ok
18:07:35   orthophoto 16/31855/22647 ok
18:07:35   orthophoto 16/31855/22648 ok
18:07:36   orthophoto 16/31855/22649 ok
18:07:37   orthophoto 16/31855/22650 ok
18:07:38   orthophoto 16/31855/22651 ok
18:07:38   orthophoto 16/31855/22652 ok
18:07:39   orthophoto 16/31855/22653 ok
18:07:40   orthophoto 16/31855/22654 ok
18:07:41   orthophoto 16/31855/22655 ok
18:07:42   orthophoto 16/31855/22656 ok
18:07:42   orthophoto 16/31855/22657 ok
18:07:43   orthophoto 16/31855/22658 ok
18:07:45   orthophoto 16/31855/22659 ok
18:07:45   orthophoto 16/31855/22660 ok
18:07:46   orthophoto 16/31855/22661 ok
18:07:47   orthophoto 16/31855/22662 ok
18:07:48   orthophoto 16/31855/22663 ok
18:07:48   orthophoto 16/31855/22664 ok
18:07:49   orthophoto 16/31855/22665 ok
18:07:50   orthophoto 16/31855/22666 ok
18:07:51   orthophoto 16/31855/22667 ok
18:07:52   orthophoto 16/31855/22668 ok
18:07:52   orthophoto 16/31855/22669 ok
18:07:53   orthophoto 16/31855/22670 ok
18:07:54   orthophoto 16/31856/22640 ok
18:07:55   orthophoto 16/31856/22641 ok
18:07:55   orthophoto 16/31856/22642 ok
18:07:56   orthophoto 16/31856/22643 ok
18:07:57   orthophoto 16/31856/22644 ok
18:07:58   orthophoto 16/31856/22645 ok
18:07:59   orthophoto 16/31856/22646 ok
18:07:59   orthophoto 16/31856/22647 ok
18:08:00   orthophoto 16/31856/22648 ok
18:08:01   orthophoto 16/31856/22649 ok
18:08:01   orthophoto 16/31856/22650 ok
18:08:02   orthophoto 16/31856/22651 ok
18:08:03   orthophoto 16/31856/22652 ok
18:08:03   orthophoto 16/31856/22653 ok
18:08:04   orthophoto 16/31856/22654 ok
18:08:05   orthophoto 16/31856/22655 ok
18:08:05   orthophoto 16/31856/22656 ok
18:08:06   orthophoto 16/31856/22657 ok
18:08:07   orthophoto 16/31856/22658 ok
18:08:07   orthophoto 16/31856/22659 ok
18:08:08   orthophoto 16/31856/22660 ok
18:08:09   orthophoto 16/31856/22661 ok
18:08:10   orthophoto 16/31856/22662 ok
18:08:11   orthophoto 16/31856/22663 ok
18:08:12   orthophoto 16/31856/22664 ok
18:08:13   orthophoto 16/31856/22665 ok
18:08:13   orthophoto 16/31856/22666 ok
18:08:14   orthophoto 16/31856/22667 ok
18:08:14   orthophoto 16/31856/22668 ok
18:08:15   orthophoto 16/31856/22669 ok
18:08:16   orthophoto 16/31856/22670 ok
18:08:16   orthophoto 16/31857/22640 ok
18:08:17   orthophoto 16/31857/22641 ok
18:08:18   orthophoto 16/31857/22642 ok
18:08:18   orthophoto 16/31857/22643 ok
18:08:19   orthophoto 16/31857/22644 ok
18:08:20   orthophoto 16/31857/22645 ok
18:08:20   orthophoto 16/31857/22646 ok
18:08:21   orthophoto 16/31857/22647 ok
18:08:22   orthophoto 16/31857/22648 ok
18:08:23   orthophoto 16/31857/22649 ok
18:08:23   orthophoto 16/31857/22650 ok
18:08:24   orthophoto 16/31857/22651 ok
18:08:25   orthophoto 16/31857/22652 ok
18:08:26   orthophoto 16/31857/22653 ok
18:08:26   orthophoto 16/31857/22654 ok
18:08:27   orthophoto 16/31857/22655 ok
18:08:28   orthophoto 16/31857/22656 ok
18:08:29   orthophoto 16/31857/22657 ok
18:08:29   orthophoto 16/31857/22658 ok
18:08:30   orthophoto 16/31857/22659 ok
18:08:31   orthophoto 16/31857/22660 ok
18:08:31   orthophoto 16/31857/22661 ok
18:08:32   orthophoto 16/31857/22662 ok
18:08:33   orthophoto 16/31857/22663 ok
18:08:34   orthophoto 16/31857/22664 ok
18:08:35   orthophoto 16/31857/22665 ok
18:08:35   orthophoto 16/31857/22666 ok
18:08:36   orthophoto 16/31857/22667 ok
18:08:36   orthophoto 16/31857/22668 ok
18:08:37   orthophoto 16/31857/22669 ok
18:08:38   orthophoto 16/31857/22670 ok
18:08:38 [cadastre_batiments] téléchargement…
18:08:39   [BDPARCELLAIRE-VECTEUR_WLD_BDD_WGS84G:batiment] page 1 : 1000 entité(s) (total 1000)
18:08:40   [BDPARCELLAIRE-VECTEUR_WLD_BDD_WGS84G:batiment] page 2 : 1000 entité(s) (total 2000)
18:08:41   [BDPARCELLAIRE-VECTEUR_WLD_BDD_WGS84G:batiment] page 3 : 888 entité(s) (total 2888)
18:08:41 [bdtopo_routes] téléchargement…
18:08:43   [BDTOPO_V3:troncon_de_route] page 1 : 1000 entité(s) (total 1000)
18:08:44   [BDTOPO_V3:troncon_de_route] page 2 : 190 entité(s) (total 1190)
18:08:45 [cadastre/BD TOPO] 58 bâtiment(s) sans contrepartie cadastrale retiré(s), 14 tronçon(s) routier(s) orphelin(s) retiré(s)
18:08:45 OK : 2688 bâtiments, 8 arbres, 967 routes/rails/cours d'eau, 487 zones, relief oui
20:46:14 [batiments] déjà téléchargé (cache)
20:46:14 [routes] déjà téléchargé (cache)
20:46:14 [zones] déjà téléchargé (cache)
20:46:14 [littoral] téléchargement…
20:46:14   -> https://overpass-api.de/api/interpreter
20:46:16 [lieux] déjà téléchargé (cache)
20:46:16 [noms] déjà téléchargé (cache)
20:46:16 [commerces] déjà téléchargé (cache)
20:46:16 [sommets] déjà téléchargé (cache)
20:46:16 [numeros] déjà téléchargé (cache)
20:46:16 [mobilier2] déjà téléchargé (cache)
20:46:16 [mobilier3] déjà téléchargé (cache)
20:46:16 [arbres] déjà téléchargé (cache)
20:46:16 [relief] tuiles AWS Terrarium…
20:46:16 [orthophoto] tuiles IGN…
20:46:16 [cadastre_batiments] déjà téléchargé (cache)
20:46:16 [bdtopo_routes] déjà téléchargé (cache)
20:46:16 [cadastre/BD TOPO] 59 bâtiment(s) sans contrepartie cadastrale retiré(s), 14 tronçon(s) routier(s) orphelin(s) retiré(s)
20:46:16 OK : 2690 bâtiments, 8 arbres, 938 routes/rails/cours d'eau, 488 zones, relief oui
20:55:37 [batiments] déjà téléchargé (cache)
20:55:37 [routes] déjà téléchargé (cache)
20:55:37 [zones] déjà téléchargé (cache)
20:55:38 [littoral] déjà téléchargé (cache)
20:55:38 [lieux] déjà téléchargé (cache)
20:55:38 [noms] déjà téléchargé (cache)
20:55:38 [commerces] déjà téléchargé (cache)
20:55:38 [sommets] déjà téléchargé (cache)
20:55:38 [numeros] déjà téléchargé (cache)
20:55:38 [mobilier2] déjà téléchargé (cache)
20:55:38 [mobilier3] déjà téléchargé (cache)
20:55:38 [arbres] déjà téléchargé (cache)
20:55:38 [relief] tuiles AWS Terrarium…
20:55:38 [orthophoto] tuiles IGN…
20:55:38 [cadastre_batiments] déjà téléchargé (cache)
20:55:38 [bdtopo_routes] déjà téléchargé (cache)
20:55:38   [cadastre] 3 bâtiment(s) conservé(s) malgré l'absence de correspondance directe : secteur(s) entier(s) non numérisé(s) au PCI (pas une démolition)
20:55:38 [cadastre/BD TOPO] 56 bâtiment(s) sans contrepartie cadastrale retiré(s), 14 tronçon(s) routier(s) orphelin(s) retiré(s)
20:55:38 OK : 2693 bâtiments, 8 arbres, 938 routes/rails/cours d'eau, 488 zones, relief oui
12:21:00 [orthophoto z19] 46375 tuiles à télécharger
12:21:03   z19 : 0 ok, 8 échecs
12:21:06   z19 : 0 ok, 16 échecs
12:21:09   z19 : 0 ok, 24 échecs
12:21:13   z19 : 0 ok, 32 échecs
12:21:16   z19 : 0 ok, 40 échecs
12:21:19   z19 : 0 ok, 48 échecs
12:21:22   z19 : 0 ok, 56 échecs
12:21:25   z19 : 0 ok, 64 échecs
12:21:29   z19 : 0 ok, 72 échecs
12:21:32   z19 : 0 ok, 80 échecs
12:21:35   z19 : 0 ok, 88 échecs
12:21:38   z19 : 0 ok, 96 échecs
12:21:41   z19 : 0 ok, 104 échecs
12:21:44   z19 : 2 ok, 110 échecs
12:21:53   z19 : 82 ok, 110 échecs
12:22:59   z19 : 162 ok, 254 échecs
12:23:58   z19 : 242 ok, 382 échecs
12:24:57   z19 : 322 ok, 510 échecs
12:25:05   z19 : 402 ok, 510 échecs
12:26:03   z19 : 482 ok, 638 échecs
12:27:01   z19 : 562 ok, 766 échecs
12:27:11   z19 : 640 ok, 768 échecs
12:27:14   z19 : 640 ok, 776 échecs
12:27:17   z19 : 640 ok, 784 échecs
12:27:20   z19 : 640 ok, 792 échecs
12:27:23   z19 : 640 ok, 800 échecs
12:27:26   z19 : 640 ok, 808 échecs
12:27:29   z19 : 640 ok, 816 échecs
12:27:32   z19 : 640 ok, 824 échecs
12:27:35   z19 : 640 ok, 832 échecs
12:27:38   z19 : 640 ok, 840 échecs
12:27:41   z19 : 640 ok, 848 échecs
12:27:44   z19 : 640 ok, 856 échecs
12:27:47   z19 : 640 ok, 864 échecs
12:27:50   z19 : 640 ok, 872 échecs
12:27:54   z19 : 640 ok, 880 échecs
12:27:57   z19 : 640 ok, 888 échecs
12:28:01   z19 : 642 ok, 894 échecs
12:28:08   z19 : 722 ok, 894 échecs
12:29:07   z19 : 802 ok, 1022 échecs
12:30:09   z19 : 882 ok, 1150 échecs
12:30:17   z19 : 962 ok, 1150 échecs
12:31:19   z19 : 1042 ok, 1278 échecs
12:32:20   z19 : 1122 ok, 1406 échecs
12:32:30   z19 : 1200 ok, 1408 échecs
12:32:33   z19 : 1200 ok, 1416 échecs
12:32:36   z19 : 1200 ok, 1424 échecs
12:32:40   z19 : 1200 ok, 1432 échecs
12:32:43   z19 : 1200 ok, 1440 échecs
12:32:46   z19 : 1200 ok, 1448 échecs
12:32:49   z19 : 1200 ok, 1456 échecs
12:32:53   z19 : 1200 ok, 1464 échecs
12:32:56   z19 : 1200 ok, 1472 échecs
12:33:00   z19 : 1200 ok, 1480 échecs
12:33:03   z19 : 1200 ok, 1488 échecs
12:33:06   z19 : 1200 ok, 1496 échecs
12:33:10   z19 : 1200 ok, 1504 échecs
12:33:13   z19 : 1200 ok, 1512 échecs
12:33:16   z19 : 1200 ok, 1520 échecs
12:33:19   z19 : 1200 ok, 1528 échecs
12:33:22   z19 : 1202 ok, 1534 échecs
12:33:31   z19 : 1282 ok, 1534 échecs
12:34:30   z19 : 1362 ok, 1662 échecs
12:35:31   z19 : 1442 ok, 1790 échecs
12:35:39   z19 : 1522 ok, 1790 échecs
12:36:37   z19 : 1602 ok, 1918 échecs
12:37:37   z19 : 1682 ok, 2046 échecs
12:37:48   z19 : 1760 ok, 2048 échecs
12:37:51   z19 : 1760 ok, 2056 échecs
12:37:54   z19 : 1760 ok, 2064 échecs
12:37:57   z19 : 1760 ok, 2072 échecs
12:38:01   z19 : 1760 ok, 2080 échecs
12:38:04   z19 : 1760 ok, 2088 échecs
12:38:08   z19 : 1760 ok, 2096 échecs
12:38:11   z19 : 1760 ok, 2104 échecs
12:38:14   z19 : 1760 ok, 2112 échecs
12:38:17   z19 : 1760 ok, 2120 échecs
12:38:20   z19 : 1760 ok, 2128 échecs
12:38:23   z19 : 1760 ok, 2136 échecs
12:38:27   z19 : 1760 ok, 2144 échecs
12:38:31   z19 : 1760 ok, 2152 échecs
12:38:34   z19 : 1760 ok, 2160 échecs
12:38:37   z19 : 1760 ok, 2168 échecs
12:38:40   z19 : 1762 ok, 2174 échecs
12:38:47   z19 : 1842 ok, 2174 échecs
12:39:49   z19 : 1922 ok, 2302 échecs
12:40:36   z19 : 2002 ok, 2398 échecs
12:40:43   z19 : 2082 ok, 2398 échecs
12:41:24   z19 : 2162 ok, 2478 échecs
12:41:31   z19 : 2242 ok, 2478 échecs
12:42:10   z19 : 2322 ok, 2558 échecs
12:42:17   z19 : 2402 ok, 2558 échecs
12:43:04   z19 : 2482 ok, 2638 échecs
12:43:10   z19 : 2562 ok, 2638 échecs
12:43:51   z19 : 2642 ok, 2718 échecs
12:43:59   z19 : 2722 ok, 2718 échecs
12:44:42   z19 : 2802 ok, 2798 échecs
12:44:48   z19 : 2882 ok, 2798 échecs
12:45:30   z19 : 2962 ok, 2878 échecs
12:45:40   z19 : 3042 ok, 2878 échecs
12:46:24   z19 : 3122 ok, 2958 échecs
12:46:30   z19 : 3202 ok, 2958 échecs
12:47:14   z19 : 3282 ok, 3038 échecs
12:47:21   z19 : 3362 ok, 3038 échecs
12:48:00   z19 : 3442 ok, 3118 échecs
12:48:08   z19 : 3522 ok, 3118 échecs
12:48:49   z19 : 3602 ok, 3198 échecs
12:48:57   z19 : 3682 ok, 3198 échecs
12:49:37   z19 : 3762 ok, 3278 échecs
12:50:18   z19 : 3842 ok, 3358 échecs
12:50:25   z19 : 3922 ok, 3358 échecs
12:51:07   z19 : 4002 ok, 3438 échecs
12:51:15   z19 : 4082 ok, 3438 échecs
12:51:57   z19 : 4162 ok, 3518 échecs
12:52:07   z19 : 4241 ok, 3519 échecs
12:52:10   z19 : 4241 ok, 3527 échecs
12:52:13   z19 : 4241 ok, 3535 échecs
12:52:16   z19 : 4241 ok, 3543 échecs
12:52:19   z19 : 4241 ok, 3551 échecs
12:52:22   z19 : 4241 ok, 3559 échecs
12:52:25   z19 : 4241 ok, 3567 échecs
12:52:28   z19 : 4241 ok, 3575 échecs
12:52:31   z19 : 4241 ok, 3583 échecs
12:52:34   z19 : 4241 ok, 3591 échecs
12:52:37   z19 : 4242 ok, 3598 échecs
12:52:44   z19 : 4322 ok, 3598 échecs
12:53:18   z19 : 4402 ok, 3662 échecs
12:53:27   z19 : 4482 ok, 3662 échecs
12:54:03   z19 : 4562 ok, 3726 échecs
12:54:11   z19 : 4642 ok, 3726 échecs
12:54:47   z19 : 4722 ok, 3790 échecs
12:54:54   z19 : 4802 ok, 3790 échecs
12:55:27   z19 : 4882 ok, 3854 échecs
12:55:35   z19 : 4962 ok, 3854 échecs
12:56:10   z19 : 5042 ok, 3918 échecs
12:56:46   z19 : 5122 ok, 3982 échecs
12:56:53   z19 : 5202 ok, 3982 échecs
12:57:28   z19 : 5282 ok, 4046 échecs
12:57:36   z19 : 5362 ok, 4046 échecs
12:58:11   z19 : 5442 ok, 4110 échecs
12:58:18   z19 : 5522 ok, 4110 échecs
12:58:53   z19 : 5602 ok, 4174 échecs
12:59:03   z19 : 5682 ok, 4174 échecs
12:59:39   z19 : 5762 ok, 4238 échecs
13:00:13   z19 : 5842 ok, 4302 échecs
13:00:21   z19 : 5922 ok, 4302 échecs
13:00:57   z19 : 6002 ok, 4366 échecs
13:01:05   z19 : 6082 ok, 4366 échecs
13:01:42   z19 : 6162 ok, 4430 échecs
13:01:52   z19 : 6241 ok, 4431 échecs
13:01:55   z19 : 6241 ok, 4439 échecs
13:01:58   z19 : 6241 ok, 4447 échecs
13:02:01   z19 : 6241 ok, 4455 échecs
13:02:04   z19 : 6241 ok, 4463 échecs
13:02:07   z19 : 6241 ok, 4471 échecs
13:02:10   z19 : 6241 ok, 4479 échecs
13:02:13   z19 : 6241 ok, 4487 échecs
13:02:16   z19 : 6242 ok, 4494 échecs
13:02:23   z19 : 6322 ok, 4494 échecs
13:02:54   z19 : 6402 ok, 4558 échecs
13:03:02   z19 : 6482 ok, 4558 échecs
13:03:35   z19 : 6562 ok, 4622 échecs
13:04:02   z19 : 6642 ok, 4670 échecs
13:04:09   z19 : 6722 ok, 4670 échecs
13:04:36   z19 : 6802 ok, 4718 échecs
13:04:43   z19 : 6882 ok, 4718 échecs
13:05:09   z19 : 6962 ok, 4766 échecs
13:05:15   z19 : 7042 ok, 4766 échecs
13:05:18   z19 : 7044 ok, 4772 échecs
13:05:21   z19 : 7044 ok, 4780 échecs
13:05:24   z19 : 7044 ok, 4788 échecs
13:05:27   z19 : 7044 ok, 4796 échecs
13:05:30   z19 : 7044 ok, 4804 échecs
13:05:33   z19 : 7044 ok, 4812 échecs
13:05:44   z19 : 7122 ok, 4814 échecs
13:06:13   z19 : 7202 ok, 4862 échecs
13:06:21   z19 : 7282 ok, 4862 échecs
13:06:54   z19 : 7362 ok, 4910 échecs
13:07:27   z19 : 7442 ok, 4958 échecs
13:07:35   z19 : 7522 ok, 4958 échecs
13:08:06   z19 : 7602 ok, 5006 échecs
13:08:37   z19 : 7682 ok, 5054 échecs
13:08:45   z19 : 7762 ok, 5054 échecs
13:08:49   z19 : 7763 ok, 5061 échecs
13:08:52   z19 : 7763 ok, 5069 échecs
13:08:55   z19 : 7763 ok, 5077 échecs
13:08:58   z19 : 7763 ok, 5085 échecs
13:09:01   z19 : 7763 ok, 5093 échecs
13:09:05   z19 : 7763 ok, 5101 échecs
13:09:15   z19 : 7842 ok, 5102 échecs
13:09:45   z19 : 7922 ok, 5150 échecs
13:09:52   z19 : 8002 ok, 5150 échecs
13:09:55   z19 : 8007 ok, 5153 échecs
13:09:58   z19 : 8007 ok, 5161 échecs
13:10:02   z19 : 8007 ok, 5169 échecs
13:10:05   z19 : 8007 ok, 5177 échecs
13:10:08   z19 : 8007 ok, 5185 échecs
13:10:11   z19 : 8007 ok, 5193 échecs
13:10:21   z19 : 8082 ok, 5198 échecs
13:10:49   z19 : 8162 ok, 5246 échecs
13:10:56   z19 : 8242 ok, 5246 échecs
13:10:59   z19 : 8244 ok, 5252 échecs
13:11:02   z19 : 8244 ok, 5260 échecs
13:11:05   z19 : 8244 ok, 5268 échecs
13:11:09   z19 : 8244 ok, 5276 échecs
13:11:12   z19 : 8244 ok, 5284 échecs
13:11:15   z19 : 8244 ok, 5292 échecs
13:11:27   z19 : 8322 ok, 5294 échecs
13:11:55   z19 : 8402 ok, 5342 échecs
13:12:03   z19 : 8482 ok, 5342 échecs
13:12:33   z19 : 8562 ok, 5390 échecs
13:13:00   z19 : 8642 ok, 5438 échecs
13:13:09   z19 : 8722 ok, 5438 échecs
13:13:38   z19 : 8802 ok, 5486 échecs
13:14:11   z19 : 8882 ok, 5534 échecs
13:14:17   z19 : 8962 ok, 5534 échecs
13:14:47   z19 : 9042 ok, 5582 échecs
13:15:20   z19 : 9122 ok, 5630 échecs
13:15:28   z19 : 9202 ok, 5630 échecs
13:15:54   z19 : 9282 ok, 5678 échecs
13:16:23   z19 : 9362 ok, 5726 échecs
13:16:57   z19 : 9442 ok, 5774 échecs
13:17:06   z19 : 9522 ok, 5774 échecs
13:17:35   z19 : 9602 ok, 5822 échecs
13:18:04   z19 : 9682 ok, 5870 échecs
13:18:37   z19 : 9762 ok, 5918 échecs
13:18:45   z19 : 9842 ok, 5918 échecs
13:18:48   z19 : 9842 ok, 5926 échecs
13:18:51   z19 : 9842 ok, 5934 échecs
13:18:54   z19 : 9842 ok, 5942 échecs
13:18:57   z19 : 9842 ok, 5950 échecs
13:19:00   z19 : 9842 ok, 5958 échecs
13:19:04   z19 : 9842 ok, 5966 échecs
13:19:11   z19 : 9922 ok, 5966 échecs
13:19:39   z19 : 10002 ok, 6014 échecs
13:20:08   z19 : 10082 ok, 6062 échecs
13:20:37   z19 : 10162 ok, 6110 échecs
13:20:46   z19 : 10242 ok, 6110 échecs
13:20:49   z19 : 10246 ok, 6114 échecs
13:20:52   z19 : 10246 ok, 6122 échecs
13:20:57   z19 : 10246 ok, 6130 échecs
13:21:00   z19 : 10246 ok, 6138 échecs
13:21:03   z19 : 10246 ok, 6146 échecs
13:21:06   z19 : 10246 ok, 6154 échecs
13:21:16   z19 : 10322 ok, 6158 échecs
13:21:44   z19 : 10402 ok, 6206 échecs
13:22:12   z19 : 10482 ok, 6254 échecs
13:22:47   z19 : 10562 ok, 6302 échecs
13:23:15   z19 : 10642 ok, 6350 échecs
13:23:46   z19 : 10722 ok, 6398 échecs
13:24:15   z19 : 10802 ok, 6446 échecs
13:24:23   z19 : 10882 ok, 6446 échecs
13:24:30   z19 : 10886 ok, 6450 échecs
13:24:33   z19 : 10886 ok, 6458 échecs
13:24:36   z19 : 10886 ok, 6466 échecs
13:24:42   z19 : 10886 ok, 6474 échecs
13:24:45   z19 : 10886 ok, 6482 échecs
13:24:48   z19 : 10886 ok, 6490 échecs
13:24:58   z19 : 10962 ok, 6494 échecs
13:25:26   z19 : 11042 ok, 6542 échecs
13:25:58   z19 : 11122 ok, 6590 échecs
13:26:30   z19 : 11202 ok, 6638 échecs
13:26:40   z19 : 11282 ok, 6638 échecs
13:26:43   z19 : 11282 ok, 6646 échecs
13:26:46   z19 : 11282 ok, 6654 échecs
13:26:51   z19 : 11282 ok, 6662 échecs
13:26:54   z19 : 11282 ok, 6670 échecs
13:26:57   z19 : 11282 ok, 6678 échecs
13:27:00   z19 : 11282 ok, 6686 échecs
13:27:08   z19 : 11362 ok, 6686 échecs
13:27:37   z19 : 11442 ok, 6734 échecs
13:28:06   z19 : 11522 ok, 6782 échecs
13:28:41   z19 : 11602 ok, 6830 échecs
13:29:10   z19 : 11682 ok, 6878 échecs
13:29:18   z19 : 11762 ok, 6878 échecs
13:29:47   z19 : 11842 ok, 6926 échecs
13:30:13   z19 : 11922 ok, 6958 échecs
13:30:22   z19 : 12002 ok, 6958 échecs
13:30:41   z19 : 12082 ok, 6974 échecs
13:31:02   z19 : 12162 ok, 6990 échecs
13:31:11   z19 : 12242 ok, 6990 échecs
13:31:29   z19 : 12322 ok, 7006 échecs
13:31:40   z19 : 12402 ok, 7006 échecs
13:31:56   z19 : 12482 ok, 7022 échecs
13:32:03   z19 : 12562 ok, 7022 échecs
13:32:20   z19 : 12642 ok, 7038 échecs
13:32:28   z19 : 12722 ok, 7038 échecs
13:32:44   z19 : 12802 ok, 7054 échecs
13:33:02   z19 : 12882 ok, 7070 échecs
13:33:11   z19 : 12962 ok, 7070 échecs
13:33:27   z19 : 13042 ok, 7086 échecs
13:33:34   z19 : 13122 ok, 7086 échecs
13:33:51   z19 : 13202 ok, 7102 échecs
13:33:59   z19 : 13282 ok, 7102 échecs
13:34:14   z19 : 13362 ok, 7118 échecs
13:34:22   z19 : 13442 ok, 7118 échecs
13:34:39   z19 : 13522 ok, 7134 échecs
13:34:47   z19 : 13602 ok, 7134 échecs
13:35:03   z19 : 13682 ok, 7150 échecs
13:35:19   z19 : 13762 ok, 7166 échecs
13:35:27   z19 : 13842 ok, 7166 échecs
13:35:43   z19 : 13922 ok, 7182 échecs
13:35:50   z19 : 14002 ok, 7182 échecs
13:36:04   z19 : 14082 ok, 7198 échecs
13:36:11   z19 : 14162 ok, 7198 échecs
13:36:26   z19 : 14242 ok, 7214 échecs
13:36:34   z19 : 14322 ok, 7214 échecs
13:36:49   z19 : 14404 ok, 7228 échecs
13:36:57   z19 : 14484 ok, 7228 échecs
13:37:12   z19 : 14566 ok, 7242 échecs
13:37:20   z19 : 14646 ok, 7242 échecs
13:37:35   z19 : 14720 ok, 7256 échecs
13:37:42   z19 : 14800 ok, 7256 échecs
13:37:59   z19 : 14882 ok, 7270 échecs
13:38:06   z19 : 14962 ok, 7270 échecs
13:38:21   z19 : 15044 ok, 7284 échecs
13:38:28   z19 : 15124 ok, 7284 échecs
13:38:44   z19 : 15206 ok, 7298 échecs
13:38:51   z19 : 15286 ok, 7298 échecs
13:39:01   z19 : 15361 ok, 7303 échecs
13:39:04   z19 : 15361 ok, 7311 échecs
13:39:14   z19 : 15440 ok, 7312 échecs
13:39:21   z19 : 15520 ok, 7312 échecs
13:39:34   z19 : 15602 ok, 7326 échecs
13:39:42   z19 : 15682 ok, 7326 échecs
13:39:56   z19 : 15764 ok, 7340 échecs
13:40:03   z19 : 15844 ok, 7340 échecs
13:40:19   z19 : 15926 ok, 7354 échecs
13:40:27   z19 : 16006 ok, 7354 échecs
13:40:40   z19 : 16080 ok, 7368 échecs
13:40:47   z19 : 16160 ok, 7368 échecs
13:41:02   z19 : 16242 ok, 7382 échecs
13:41:09   z19 : 16322 ok, 7382 échecs
13:41:16   z19 : 16402 ok, 7382 échecs
13:41:32   z19 : 16484 ok, 7396 échecs
13:41:40   z19 : 16564 ok, 7396 échecs
13:41:57   z19 : 16646 ok, 7410 échecs
13:42:04   z19 : 16726 ok, 7410 échecs
13:42:19   z19 : 16800 ok, 7424 échecs
13:42:25   z19 : 16880 ok, 7424 échecs
13:42:42   z19 : 16962 ok, 7438 échecs
13:42:50   z19 : 17042 ok, 7438 échecs
13:43:07   z19 : 17124 ok, 7452 échecs
13:43:15   z19 : 17204 ok, 7452 échecs
13:43:29   z19 : 17286 ok, 7466 échecs
13:43:36   z19 : 17366 ok, 7466 échecs
13:43:52   z19 : 17440 ok, 7480 échecs
13:43:59   z19 : 17520 ok, 7480 échecs
13:44:13   z19 : 17602 ok, 7494 échecs
13:44:20   z19 : 17682 ok, 7494 échecs
13:44:35   z19 : 17764 ok, 7508 échecs
13:44:42   z19 : 17844 ok, 7508 échecs
13:44:58   z19 : 17926 ok, 7522 échecs
13:45:04   z19 : 18006 ok, 7522 échecs
13:45:15   z19 : 18082 ok, 7526 échecs
13:45:18   z19 : 18082 ok, 7534 échecs
13:45:28   z19 : 18160 ok, 7536 échecs
13:45:34   z19 : 18240 ok, 7536 échecs
13:45:47   z19 : 18322 ok, 7550 échecs
13:45:54   z19 : 18402 ok, 7550 échecs
13:46:11   z19 : 18484 ok, 7564 échecs
13:46:19   z19 : 18564 ok, 7564 échecs
13:46:36   z19 : 18646 ok, 7578 échecs
13:46:43   z19 : 18726 ok, 7578 échecs
13:46:58   z19 : 18800 ok, 7592 échecs
13:47:05   z19 : 18880 ok, 7592 échecs
13:47:22   z19 : 18962 ok, 7606 échecs
13:47:31   z19 : 19042 ok, 7606 échecs
13:47:47   z19 : 19124 ok, 7620 échecs
13:47:56   z19 : 19204 ok, 7620 échecs
13:48:13   z19 : 19286 ok, 7634 échecs
13:48:21   z19 : 19366 ok, 7634 échecs
13:48:35   z19 : 19440 ok, 7648 échecs
13:48:42   z19 : 19520 ok, 7648 échecs
13:48:57   z19 : 19602 ok, 7662 échecs
13:49:05   z19 : 19682 ok, 7662 échecs
13:49:21   z19 : 19764 ok, 7676 échecs
13:49:29   z19 : 19844 ok, 7676 échecs
13:49:45   z19 : 19926 ok, 7690 échecs
13:49:53   z19 : 20006 ok, 7690 échecs
13:50:08   z19 : 20080 ok, 7704 échecs
13:50:15   z19 : 20160 ok, 7704 échecs
13:50:39   z19 : 20242 ok, 7718 échecs
13:50:47   z19 : 20322 ok, 7718 échecs
13:51:03   z19 : 20404 ok, 7732 échecs
13:51:10   z19 : 20484 ok, 7732 échecs
13:51:30   z19 : 20566 ok, 7746 échecs
13:51:38   z19 : 20646 ok, 7746 échecs
13:51:50   z19 : 20720 ok, 7760 échecs
13:51:58   z19 : 20800 ok, 7760 échecs
13:52:04   z19 : 20880 ok, 7760 échecs
13:52:08   z19 : 20887 ok, 7761 échecs
13:52:11   z19 : 20887 ok, 7769 échecs
13:52:20   z19 : 20962 ok, 7774 échecs
13:52:28   z19 : 21042 ok, 7774 échecs
13:52:44   z19 : 21124 ok, 7788 échecs
13:52:54   z19 : 21204 ok, 7788 échecs
13:53:12   z19 : 21286 ok, 7802 échecs
13:53:19   z19 : 21366 ok, 7802 échecs
13:53:31   z19 : 21440 ok, 7816 échecs
13:53:38   z19 : 21520 ok, 7816 échecs
13:53:51   z19 : 21602 ok, 7830 échecs
13:53:57   z19 : 21682 ok, 7830 échecs
13:54:10   z19 : 21764 ok, 7844 échecs
13:54:18   z19 : 21844 ok, 7844 échecs
13:54:31   z19 : 21926 ok, 7858 échecs
13:54:39   z19 : 22006 ok, 7858 échecs
13:54:54   z19 : 22080 ok, 7872 échecs
13:55:02   z19 : 22160 ok, 7872 échecs
13:55:09   z19 : 22240 ok, 7872 échecs
13:55:22   z19 : 22322 ok, 7886 échecs
13:55:30   z19 : 22402 ok, 7886 échecs
13:55:45   z19 : 22484 ok, 7900 échecs
13:55:52   z19 : 22564 ok, 7900 échecs
13:56:10   z19 : 22646 ok, 7914 échecs
13:56:19   z19 : 22726 ok, 7914 échecs
13:56:35   z19 : 22800 ok, 7928 échecs
13:56:41   z19 : 22880 ok, 7928 échecs
13:56:59   z19 : 22962 ok, 7942 échecs
13:57:06   z19 : 23042 ok, 7942 échecs
13:57:19   z19 : 23124 ok, 7956 échecs
13:57:25   z19 : 23204 ok, 7956 échecs
13:57:41   z19 : 23286 ok, 7970 échecs
13:57:49   z19 : 23366 ok, 7970 échecs
13:58:02   z19 : 23440 ok, 7984 échecs
13:58:08   z19 : 23520 ok, 7984 échecs
13:58:23   z19 : 23602 ok, 7998 échecs
13:58:30   z19 : 23682 ok, 7998 échecs
13:58:44   z19 : 23764 ok, 8012 échecs
13:58:52   z19 : 23844 ok, 8012 échecs
13:59:05   z19 : 23926 ok, 8026 échecs
13:59:13   z19 : 24006 ok, 8026 échecs
13:59:26   z19 : 24080 ok, 8040 échecs
13:59:42   z19 : 24162 ok, 8054 échecs
13:59:49   z19 : 24242 ok, 8054 échecs
14:00:03   z19 : 24324 ok, 8068 échecs
14:00:10   z19 : 24404 ok, 8068 échecs
14:00:25   z19 : 24486 ok, 8082 échecs
14:00:32   z19 : 24566 ok, 8082 échecs
14:00:48   z19 : 24640 ok, 8096 échecs
14:00:54   z19 : 24720 ok, 8096 échecs
14:01:14   z19 : 24802 ok, 8126 échecs
14:01:21   z19 : 24882 ok, 8126 échecs
14:01:44   z19 : 24964 ok, 8156 échecs
14:01:51   z19 : 25044 ok, 8156 échecs
14:02:12   z19 : 25126 ok, 8186 échecs
14:02:19   z19 : 25206 ok, 8186 échecs
14:02:40   z19 : 25280 ok, 8216 échecs
14:02:49   z19 : 25360 ok, 8216 échecs
14:03:11   z19 : 25442 ok, 8246 échecs
14:03:18   z19 : 25522 ok, 8246 échecs
14:03:41   z19 : 25604 ok, 8276 échecs
14:03:51   z19 : 25684 ok, 8276 échecs
14:04:15   z19 : 25766 ok, 8306 échecs
14:04:23   z19 : 25846 ok, 8306 échecs
14:04:45   z19 : 25920 ok, 8336 échecs
14:04:52   z19 : 26000 ok, 8336 échecs
14:05:14   z19 : 26082 ok, 8366 échecs
14:05:23   z19 : 26162 ok, 8366 échecs
14:05:47   z19 : 26244 ok, 8396 échecs
14:05:56   z19 : 26324 ok, 8396 échecs
14:06:24   z19 : 26406 ok, 8426 échecs
14:06:32   z19 : 26486 ok, 8426 échecs
14:06:51   z19 : 26560 ok, 8456 échecs
14:06:58   z19 : 26640 ok, 8456 échecs
14:07:21   z19 : 26722 ok, 8486 échecs
14:07:29   z19 : 26802 ok, 8486 échecs
14:07:49   z19 : 26884 ok, 8516 échecs
14:07:58   z19 : 26964 ok, 8516 échecs
14:08:23   z19 : 27046 ok, 8546 échecs
14:08:30   z19 : 27126 ok, 8546 échecs
14:08:58   z19 : 27200 ok, 8576 échecs
14:09:05   z19 : 27280 ok, 8576 échecs
14:09:35   z19 : 27362 ok, 8622 échecs
14:09:43   z19 : 27442 ok, 8622 échecs
14:10:15   z19 : 27524 ok, 8668 échecs
14:10:24   z19 : 27604 ok, 8668 échecs
14:10:31   z19 : 27684 ok, 8668 échecs
14:11:01   z19 : 27766 ok, 8714 échecs
14:11:12   z19 : 27846 ok, 8714 échecs
14:11:42   z19 : 27920 ok, 8760 échecs
14:11:51   z19 : 28000 ok, 8760 échecs
14:12:21   z19 : 28082 ok, 8806 échecs
14:12:30   z19 : 28162 ok, 8806 échecs
14:13:03   z19 : 28244 ok, 8852 échecs
14:13:11   z19 : 28324 ok, 8852 échecs
14:13:21   z19 : 28403 ok, 8853 échecs
14:13:26   z19 : 28403 ok, 8861 échecs
14:13:29   z19 : 28403 ok, 8869 échecs
14:13:32   z19 : 28403 ok, 8877 échecs
14:13:36   z19 : 28403 ok, 8885 échecs
14:13:39   z19 : 28403 ok, 8893 échecs
14:13:42   z19 : 28406 ok, 8898 échecs
14:13:51   z19 : 28486 ok, 8898 échecs
14:13:59   z19 : 28566 ok, 8898 échecs
14:14:28   z19 : 28640 ok, 8944 échecs
14:14:38   z19 : 28720 ok, 8944 échecs
14:15:08   z19 : 28802 ok, 8990 échecs
14:15:16   z19 : 28882 ok, 8990 échecs
14:15:24   z19 : 28962 ok, 8990 échecs
14:15:56   z19 : 29044 ok, 9036 échecs
14:16:15   z19 : 29124 ok, 9036 échecs
14:16:45   z19 : 29206 ok, 9082 échecs
14:16:53   z19 : 29286 ok, 9082 échecs
14:17:02   z19 : 29366 ok, 9082 échecs
14:17:30   z19 : 29440 ok, 9128 échecs
14:17:38   z19 : 29520 ok, 9128 échecs
14:18:07   z19 : 29602 ok, 9174 échecs
14:18:14   z19 : 29682 ok, 9174 échecs
14:18:24   z19 : 29761 ok, 9175 échecs
14:18:27   z19 : 29761 ok, 9183 échecs
14:18:30   z19 : 29761 ok, 9191 échecs
14:18:33   z19 : 29761 ok, 9199 échecs
14:18:36   z19 : 29761 ok, 9207 échecs
14:18:39   z19 : 29761 ok, 9215 échecs
14:18:42   z19 : 29764 ok, 9220 échecs
14:18:49   z19 : 29844 ok, 9220 échecs
14:18:56   z19 : 29924 ok, 9220 échecs
14:19:25   z19 : 30006 ok, 9266 échecs
14:19:34   z19 : 30086 ok, 9266 échecs
14:20:02   z19 : 30160 ok, 9312 échecs
14:20:10   z19 : 30240 ok, 9312 échecs
14:20:17   z19 : 30320 ok, 9312 échecs
14:20:52   z19 : 30402 ok, 9374 échecs
14:20:59   z19 : 30482 ok, 9374 échecs
14:21:33   z19 : 30564 ok, 9436 échecs
14:21:41   z19 : 30644 ok, 9436 échecs
14:22:17   z19 : 30726 ok, 9498 échecs
14:22:25   z19 : 30806 ok, 9498 échecs
14:22:59   z19 : 30880 ok, 9560 échecs
14:23:08   z19 : 30960 ok, 9560 échecs
14:23:16   z19 : 31040 ok, 9560 échecs
14:23:50   z19 : 31122 ok, 9622 échecs
14:23:58   z19 : 31202 ok, 9622 échecs
14:24:34   z19 : 31284 ok, 9684 échecs
14:24:42   z19 : 31364 ok, 9684 échecs
14:25:19   z19 : 31446 ok, 9746 échecs
14:25:27   z19 : 31526 ok, 9746 échecs
14:26:01   z19 : 31600 ok, 9808 échecs
14:26:08   z19 : 31680 ok, 9808 échecs
14:26:15   z19 : 31760 ok, 9808 échecs
14:26:18   z19 : 31767 ok, 9809 échecs
14:26:21   z19 : 31767 ok, 9817 échecs
14:26:24   z19 : 31767 ok, 9825 échecs
14:26:27   z19 : 31767 ok, 9833 échecs
14:26:30   z19 : 31767 ok, 9841 échecs
14:26:33   z19 : 31767 ok, 9849 échecs
14:26:36   z19 : 31767 ok, 9857 échecs
14:26:39   z19 : 31767 ok, 9865 échecs
14:26:48   z19 : 31842 ok, 9870 échecs
14:26:56   z19 : 31922 ok, 9870 échecs
14:27:29   z19 : 32004 ok, 9932 échecs
14:27:36   z19 : 32084 ok, 9932 échecs
14:28:10   z19 : 32166 ok, 9994 échecs
14:28:17   z19 : 32246 ok, 9994 échecs
14:28:51   z19 : 32320 ok, 10056 échecs
14:28:58   z19 : 32400 ok, 10056 échecs
14:29:32   z19 : 32482 ok, 10118 échecs
14:29:39   z19 : 32562 ok, 10118 échecs
14:29:46   z19 : 32642 ok, 10118 échecs
14:30:20   z19 : 32724 ok, 10180 échecs
14:30:28   z19 : 32804 ok, 10180 échecs
14:31:02   z19 : 32886 ok, 10242 échecs
14:31:11   z19 : 32966 ok, 10242 échecs
14:31:45   z19 : 33040 ok, 10304 échecs
14:31:53   z19 : 33120 ok, 10304 échecs
14:32:30   z19 : 33202 ok, 10366 échecs
14:32:38   z19 : 33282 ok, 10366 échecs
14:32:46   z19 : 33362 ok, 10366 échecs
14:33:20   z19 : 33444 ok, 10428 échecs
14:33:30   z19 : 33524 ok, 10428 échecs
14:34:07   z19 : 33606 ok, 10490 échecs
14:34:14   z19 : 33686 ok, 10490 échecs
14:34:47   z19 : 33760 ok, 10552 échecs
14:34:56   z19 : 33840 ok, 10552 échecs
14:35:33   z19 : 33922 ok, 10614 échecs
14:35:41   z19 : 34002 ok, 10614 échecs
14:35:51   z19 : 34081 ok, 10615 échecs
14:35:54   z19 : 34081 ok, 10623 échecs
14:35:57   z19 : 34081 ok, 10631 échecs
14:36:00   z19 : 34081 ok, 10639 échecs
14:36:03   z19 : 34081 ok, 10647 échecs
14:36:06   z19 : 34081 ok, 10655 échecs
14:36:09   z19 : 34081 ok, 10663 échecs
14:36:13   z19 : 34081 ok, 10671 échecs
14:36:16   z19 : 34084 ok, 10676 échecs
14:36:24   z19 : 34164 ok, 10676 échecs
14:36:35   z19 : 34244 ok, 10676 échecs
14:37:08   z19 : 34326 ok, 10738 échecs
14:37:16   z19 : 34406 ok, 10738 échecs
14:37:50   z19 : 34480 ok, 10800 échecs
14:37:57   z19 : 34560 ok, 10800 échecs
14:38:32   z19 : 34642 ok, 10862 échecs
14:38:40   z19 : 34722 ok, 10862 échecs
14:39:30   z19 : 34804 ok, 10924 échecs
14:39:38   z19 : 34884 ok, 10924 échecs
14:39:47   z19 : 34964 ok, 10924 échecs
14:40:25   z19 : 35046 ok, 10986 échecs
14:40:33   z19 : 35126 ok, 10986 échecs
14:41:13   z19 : 35200 ok, 11048 échecs
14:41:22   z19 : 35280 ok, 11048 échecs
14:41:27 [orthophoto z19] terminé : 35327 ok, 11048 échecs
03:01:14 [orthophoto z19] 11048 tuiles à télécharger
03:01:17   z19 : 0 ok, 8 échecs
03:01:20   z19 : 0 ok, 16 échecs
03:01:23   z19 : 0 ok, 24 échecs
03:01:26   z19 : 0 ok, 32 échecs
03:01:29   z19 : 0 ok, 40 échecs
03:01:32   z19 : 0 ok, 48 échecs
03:01:35   z19 : 0 ok, 56 échecs
03:01:38   z19 : 0 ok, 64 échecs
03:01:41   z19 : 0 ok, 72 échecs
03:01:44   z19 : 0 ok, 80 échecs
03:01:47   z19 : 0 ok, 88 échecs
03:01:50   z19 : 0 ok, 96 échecs
03:01:53   z19 : 0 ok, 104 échecs
03:01:56   z19 : 0 ok, 112 échecs
03:01:59   z19 : 0 ok, 120 échecs
03:02:02   z19 : 0 ok, 128 échecs
03:02:05   z19 : 0 ok, 136 échecs
03:02:08   z19 : 0 ok, 144 échecs
03:02:11   z19 : 0 ok, 152 échecs
03:02:13   z19 : 0 ok, 160 échecs
03:02:16   z19 : 0 ok, 168 échecs
03:02:20   z19 : 0 ok, 176 échecs
03:02:23   z19 : 0 ok, 184 échecs
03:02:26   z19 : 0 ok, 192 échecs
03:02:29   z19 : 0 ok, 200 échecs
03:02:32   z19 : 0 ok, 208 échecs
03:02:35   z19 : 0 ok, 216 échecs
03:02:38   z19 : 0 ok, 224 échecs
03:02:41   z19 : 0 ok, 232 échecs
03:02:44   z19 : 0 ok, 240 échecs
03:02:47   z19 : 0 ok, 248 échecs
03:02:50   z19 : 0 ok, 256 échecs
03:02:53   z19 : 0 ok, 264 échecs
03:02:56   z19 : 0 ok, 272 échecs
03:02:59   z19 : 0 ok, 280 échecs
03:03:02   z19 : 0 ok, 288 échecs
03:03:05   z19 : 0 ok, 296 échecs
03:03:08   z19 : 0 ok, 304 échecs
03:03:11   z19 : 0 ok, 312 échecs
03:03:15   z19 : 0 ok, 320 échecs
03:03:18   z19 : 0 ok, 328 échecs
03:03:21   z19 : 0 ok, 336 échecs
03:03:26   z19 : 0 ok, 344 échecs
03:03:29   z19 : 0 ok, 352 échecs
03:03:32   z19 : 0 ok, 360 échecs
03:03:35   z19 : 0 ok, 368 échecs
03:03:38   z19 : 0 ok, 376 échecs
03:03:41   z19 : 0 ok, 384 échecs
03:03:44   z19 : 0 ok, 392 échecs
03:03:47   z19 : 0 ok, 400 échecs
03:03:51   z19 : 0 ok, 408 échecs
03:03:55   z19 : 0 ok, 416 échecs
03:03:59   z19 : 0 ok, 424 échecs
03:04:02   z19 : 0 ok, 432 échecs
03:04:05   z19 : 0 ok, 440 échecs
03:04:11   z19 : 0 ok, 448 échecs
03:04:14   z19 : 0 ok, 456 échecs
03:04:17   z19 : 0 ok, 464 échecs
03:04:20   z19 : 0 ok, 472 échecs
03:04:24   z19 : 0 ok, 480 échecs
03:04:27   z19 : 0 ok, 488 échecs
03:04:30   z19 : 0 ok, 496 échecs
03:04:32   z19 : 0 ok, 504 échecs
03:04:36   z19 : 0 ok, 512 échecs
03:04:39   z19 : 0 ok, 520 échecs
03:04:42   z19 : 0 ok, 528 échecs
03:04:45   z19 : 0 ok, 536 échecs
03:04:48   z19 : 0 ok, 544 échecs
03:04:54   z19 : 0 ok, 552 échecs
03:04:57   z19 : 0 ok, 560 échecs
03:05:01   z19 : 0 ok, 568 échecs
03:05:04   z19 : 0 ok, 576 échecs
03:05:06   z19 : 0 ok, 584 échecs
03:05:09   z19 : 0 ok, 592 échecs
03:05:12   z19 : 0 ok, 600 échecs
03:05:15   z19 : 0 ok, 608 échecs
03:05:19   z19 : 0 ok, 616 échecs
03:05:22   z19 : 0 ok, 624 échecs
03:05:25   z19 : 0 ok, 632 échecs
03:05:28   z19 : 0 ok, 640 échecs
03:05:31   z19 : 0 ok, 648 échecs
03:05:35   z19 : 0 ok, 656 échecs
03:05:38   z19 : 0 ok, 664 échecs
03:05:40   z19 : 0 ok, 672 échecs
03:05:44   z19 : 0 ok, 680 échecs
03:05:47   z19 : 0 ok, 688 échecs
03:05:50   z19 : 0 ok, 696 échecs
03:05:52   z19 : 0 ok, 704 échecs
03:05:55   z19 : 0 ok, 712 échecs
03:05:58   z19 : 0 ok, 720 échecs
03:06:02   z19 : 0 ok, 728 échecs
03:06:06   z19 : 0 ok, 736 échecs
03:06:09   z19 : 0 ok, 744 échecs
03:06:12   z19 : 0 ok, 752 échecs
03:06:16   z19 : 0 ok, 760 échecs
03:06:21   z19 : 0 ok, 768 échecs
03:06:23   z19 : 0 ok, 776 échecs
03:06:26   z19 : 0 ok, 784 échecs
03:06:29   z19 : 0 ok, 792 échecs
03:06:33   z19 : 0 ok, 800 échecs
03:06:38   z19 : 0 ok, 808 échecs
03:06:41   z19 : 0 ok, 816 échecs
03:06:45   z19 : 0 ok, 824 échecs
03:06:48   z19 : 0 ok, 832 échecs
03:06:51   z19 : 0 ok, 840 échecs
03:06:54   z19 : 0 ok, 848 échecs
03:06:57   z19 : 0 ok, 856 échecs
03:07:01   z19 : 0 ok, 864 échecs
03:07:04   z19 : 0 ok, 872 échecs
03:07:10   z19 : 0 ok, 880 échecs
03:07:13   z19 : 0 ok, 888 échecs
03:07:17   z19 : 0 ok, 896 échecs
03:07:20   z19 : 0 ok, 904 échecs
03:07:23   z19 : 0 ok, 912 échecs
03:07:26   z19 : 0 ok, 920 échecs
03:07:29   z19 : 0 ok, 928 échecs
03:07:32   z19 : 0 ok, 936 échecs
03:07:36   z19 : 0 ok, 944 échecs
03:07:38   z19 : 0 ok, 952 échecs
03:07:42   z19 : 0 ok, 960 échecs
03:07:45   z19 : 0 ok, 968 échecs
03:07:48   z19 : 0 ok, 976 échecs
03:07:51   z19 : 0 ok, 984 échecs
03:07:54   z19 : 0 ok, 992 échecs
03:07:57   z19 : 0 ok, 1000 échecs
03:08:00   z19 : 0 ok, 1008 échecs
03:08:04   z19 : 0 ok, 1016 échecs
03:08:07   z19 : 0 ok, 1024 échecs
03:08:10   z19 : 0 ok, 1032 échecs
03:08:13   z19 : 0 ok, 1040 échecs
03:08:16   z19 : 0 ok, 1048 échecs
03:08:19   z19 : 0 ok, 1056 échecs
03:08:22   z19 : 0 ok, 1064 échecs
03:08:25   z19 : 0 ok, 1072 échecs
03:08:28   z19 : 0 ok, 1080 échecs
03:08:31   z19 : 0 ok, 1088 échecs
03:08:35   z19 : 0 ok, 1096 échecs
03:08:40   z19 : 0 ok, 1104 échecs
03:08:43   z19 : 0 ok, 1112 échecs
03:08:46   z19 : 0 ok, 1120 échecs
03:08:48   z19 : 0 ok, 1128 échecs
03:08:51   z19 : 0 ok, 1136 échecs
03:08:55   z19 : 0 ok, 1144 échecs
03:08:58   z19 : 0 ok, 1152 échecs
03:09:01   z19 : 0 ok, 1160 échecs
03:09:04   z19 : 0 ok, 1168 échecs
03:09:08   z19 : 0 ok, 1176 échecs
03:09:12   z19 : 0 ok, 1184 échecs
03:09:15   z19 : 0 ok, 1192 échecs
03:09:18   z19 : 0 ok, 1200 échecs
03:09:21   z19 : 0 ok, 1208 échecs
03:09:24   z19 : 0 ok, 1216 échecs
03:09:27   z19 : 0 ok, 1224 échecs
03:09:30   z19 : 0 ok, 1232 échecs
03:09:32   z19 : 0 ok, 1240 échecs
03:09:35   z19 : 0 ok, 1248 échecs
03:09:39   z19 : 0 ok, 1256 échecs
03:09:42   z19 : 0 ok, 1264 échecs
03:09:45   z19 : 0 ok, 1272 échecs
03:09:48   z19 : 0 ok, 1280 échecs
03:09:51   z19 : 0 ok, 1288 échecs
03:09:55   z19 : 0 ok, 1296 échecs
03:09:58   z19 : 0 ok, 1304 échecs
03:10:01   z19 : 0 ok, 1312 échecs
03:10:05   z19 : 0 ok, 1320 échecs
03:10:08   z19 : 0 ok, 1328 échecs
03:10:11   z19 : 0 ok, 1336 échecs
03:10:14   z19 : 0 ok, 1344 échecs
03:10:16   z19 : 0 ok, 1352 échecs
03:10:20   z19 : 0 ok, 1360 échecs
03:10:23   z19 : 0 ok, 1368 échecs
03:10:25   z19 : 0 ok, 1376 échecs
03:10:29   z19 : 0 ok, 1384 échecs
03:10:32   z19 : 0 ok, 1392 échecs
03:10:35   z19 : 0 ok, 1400 échecs
03:10:38   z19 : 0 ok, 1408 échecs
03:10:41   z19 : 0 ok, 1416 échecs
03:10:44   z19 : 0 ok, 1424 échecs
03:10:47   z19 : 0 ok, 1432 échecs
03:10:50   z19 : 0 ok, 1440 échecs
03:10:53   z19 : 0 ok, 1448 échecs
03:10:56   z19 : 0 ok, 1456 échecs
03:10:59   z19 : 0 ok, 1464 échecs
03:11:02   z19 : 0 ok, 1472 échecs
03:11:05   z19 : 0 ok, 1480 échecs
03:11:08   z19 : 0 ok, 1488 échecs
03:11:11   z19 : 0 ok, 1496 échecs
03:11:14   z19 : 0 ok, 1504 échecs
03:11:17   z19 : 0 ok, 1512 échecs
03:11:20   z19 : 0 ok, 1520 échecs
03:11:23   z19 : 0 ok, 1528 échecs
03:11:26   z19 : 0 ok, 1536 échecs
03:11:29   z19 : 0 ok, 1544 échecs
03:11:32   z19 : 0 ok, 1552 échecs
03:11:37   z19 : 0 ok, 1560 échecs
03:11:41   z19 : 0 ok, 1568 échecs
03:11:44   z19 : 0 ok, 1576 échecs
03:11:48   z19 : 0 ok, 1584 échecs
03:11:51   z19 : 0 ok, 1592 échecs
03:11:54   z19 : 0 ok, 1600 échecs
03:11:57   z19 : 0 ok, 1608 échecs
03:12:00   z19 : 0 ok, 1616 échecs
03:12:03   z19 : 0 ok, 1624 échecs
03:12:06   z19 : 0 ok, 1632 échecs
03:12:09   z19 : 0 ok, 1640 échecs
03:12:11   z19 : 0 ok, 1648 échecs
03:12:14   z19 : 0 ok, 1656 échecs
03:12:18   z19 : 0 ok, 1664 échecs
03:12:21   z19 : 0 ok, 1672 échecs
03:12:24   z19 : 0 ok, 1680 échecs
03:12:27   z19 : 0 ok, 1688 échecs
03:12:30   z19 : 0 ok, 1696 échecs
03:12:33   z19 : 0 ok, 1704 échecs
03:12:36   z19 : 0 ok, 1712 échecs
03:12:39   z19 : 0 ok, 1720 échecs
03:12:42   z19 : 0 ok, 1728 échecs
03:12:45   z19 : 0 ok, 1736 échecs
03:12:48   z19 : 0 ok, 1744 échecs
03:12:51   z19 : 0 ok, 1752 échecs
03:12:54   z19 : 0 ok, 1760 échecs
03:12:57   z19 : 0 ok, 1768 échecs
03:13:00   z19 : 0 ok, 1776 échecs
03:13:03   z19 : 0 ok, 1784 échecs
03:13:06   z19 : 0 ok, 1792 échecs
03:13:09   z19 : 0 ok, 1800 échecs
03:13:12   z19 : 0 ok, 1808 échecs
03:13:15   z19 : 0 ok, 1816 échecs
03:13:18   z19 : 0 ok, 1824 échecs
03:13:21   z19 : 0 ok, 1832 échecs
03:13:24   z19 : 0 ok, 1840 échecs
03:13:27   z19 : 0 ok, 1848 échecs
03:13:30   z19 : 0 ok, 1856 échecs
03:13:33   z19 : 0 ok, 1864 échecs
03:13:36   z19 : 0 ok, 1872 échecs
03:13:39   z19 : 0 ok, 1880 échecs
03:13:42   z19 : 0 ok, 1888 échecs
03:13:45   z19 : 0 ok, 1896 échecs
03:13:49   z19 : 0 ok, 1904 échecs
03:13:52   z19 : 0 ok, 1912 échecs
03:13:55   z19 : 0 ok, 1920 échecs
03:13:58   z19 : 0 ok, 1928 échecs
03:14:01   z19 : 0 ok, 1936 échecs
03:14:04   z19 : 0 ok, 1944 échecs
03:14:07   z19 : 0 ok, 1952 échecs
03:14:10   z19 : 0 ok, 1960 échecs
03:14:13   z19 : 0 ok, 1968 échecs
03:14:16   z19 : 0 ok, 1976 échecs
03:14:18   z19 : 0 ok, 1984 échecs
03:14:21   z19 : 0 ok, 1992 échecs
03:14:24   z19 : 0 ok, 2000 échecs
03:14:27   z19 : 0 ok, 2008 échecs
03:14:30   z19 : 0 ok, 2016 échecs
03:14:33   z19 : 0 ok, 2024 échecs
03:14:36   z19 : 0 ok, 2032 échecs
03:14:39   z19 : 0 ok, 2040 échecs
03:14:42   z19 : 0 ok, 2048 échecs
03:14:45   z19 : 0 ok, 2056 échecs
03:14:48   z19 : 0 ok, 2064 échecs
03:14:51   z19 : 0 ok, 2072 échecs
03:14:54   z19 : 0 ok, 2080 échecs
03:14:58   z19 : 0 ok, 2088 échecs
03:15:01   z19 : 0 ok, 2096 échecs
03:15:04   z19 : 0 ok, 2104 échecs
03:15:07   z19 : 0 ok, 2112 échecs
03:15:11   z19 : 0 ok, 2120 échecs
03:15:15   z19 : 0 ok, 2128 échecs
03:15:18   z19 : 0 ok, 2136 échecs
03:15:21   z19 : 0 ok, 2144 échecs
03:15:24   z19 : 0 ok, 2152 échecs
03:15:28   z19 : 0 ok, 2160 échecs
03:15:32   z19 : 0 ok, 2168 échecs
03:15:36   z19 : 0 ok, 2176 échecs
03:15:38   z19 : 0 ok, 2184 échecs
03:15:41   z19 : 0 ok, 2192 échecs
03:15:44   z19 : 0 ok, 2200 échecs
03:15:47   z19 : 0 ok, 2208 échecs
03:15:52   z19 : 0 ok, 2216 échecs
03:15:55   z19 : 0 ok, 2224 échecs
03:15:59   z19 : 0 ok, 2232 échecs
03:16:02   z19 : 0 ok, 2240 échecs
03:16:05   z19 : 0 ok, 2248 échecs
03:16:08   z19 : 0 ok, 2256 échecs
03:16:10   z19 : 0 ok, 2264 échecs
03:16:14   z19 : 0 ok, 2272 échecs
03:16:17   z19 : 0 ok, 2280 échecs
03:16:20   z19 : 0 ok, 2288 échecs
03:16:24   z19 : 0 ok, 2296 échecs
03:16:27   z19 : 0 ok, 2304 échecs
03:16:30   z19 : 0 ok, 2312 échecs
03:16:33   z19 : 0 ok, 2320 échecs
03:16:36   z19 : 0 ok, 2328 échecs
03:16:38   z19 : 0 ok, 2336 échecs
03:16:41   z19 : 0 ok, 2344 échecs
03:16:44   z19 : 0 ok, 2352 échecs
03:16:48   z19 : 0 ok, 2360 échecs
03:16:51   z19 : 0 ok, 2368 échecs
03:16:54   z19 : 0 ok, 2376 échecs
03:16:57   z19 : 0 ok, 2384 échecs
03:17:01   z19 : 0 ok, 2392 échecs
03:17:04   z19 : 0 ok, 2400 échecs
03:17:07   z19 : 0 ok, 2408 échecs
03:17:10   z19 : 0 ok, 2416 échecs
03:17:13   z19 : 0 ok, 2424 échecs
03:17:16   z19 : 0 ok, 2432 échecs
03:17:19   z19 : 0 ok, 2440 échecs
03:17:22   z19 : 0 ok, 2448 échecs
03:17:25   z19 : 0 ok, 2456 échecs
03:17:28   z19 : 0 ok, 2464 échecs
03:17:31   z19 : 0 ok, 2472 échecs
03:17:34   z19 : 0 ok, 2480 échecs
03:17:37   z19 : 0 ok, 2488 échecs
03:17:40   z19 : 0 ok, 2496 échecs
03:17:43   z19 : 0 ok, 2504 échecs
03:17:46   z19 : 0 ok, 2512 échecs
03:17:49   z19 : 0 ok, 2520 échecs
03:17:52   z19 : 0 ok, 2528 échecs
03:17:55   z19 : 0 ok, 2536 échecs
03:17:58   z19 : 0 ok, 2544 échecs
03:18:01   z19 : 0 ok, 2552 échecs
03:18:04   z19 : 0 ok, 2560 échecs
03:18:09   z19 : 0 ok, 2568 échecs
03:18:13   z19 : 0 ok, 2576 échecs
03:18:16   z19 : 0 ok, 2584 échecs
03:18:19   z19 : 0 ok, 2592 échecs
03:18:22   z19 : 0 ok, 2600 échecs
03:18:25   z19 : 0 ok, 2608 échecs
03:18:28   z19 : 0 ok, 2616 échecs
03:18:31   z19 : 0 ok, 2624 échecs
03:18:34   z19 : 0 ok, 2632 échecs
03:18:37   z19 : 0 ok, 2640 échecs
03:18:41   z19 : 0 ok, 2648 échecs
03:18:45   z19 : 0 ok, 2656 échecs
03:18:48   z19 : 0 ok, 2664 échecs
03:18:51   z19 : 0 ok, 2672 échecs
03:18:55   z19 : 0 ok, 2680 échecs
03:18:58   z19 : 0 ok, 2688 échecs
03:19:01   z19 : 0 ok, 2696 échecs
03:19:04   z19 : 0 ok, 2704 échecs
03:19:07   z19 : 0 ok, 2712 échecs
03:19:10   z19 : 0 ok, 2720 échecs
03:19:15   z19 : 0 ok, 2728 échecs
03:19:17   z19 : 0 ok, 2736 échecs
03:19:20   z19 : 0 ok, 2744 échecs
03:19:23   z19 : 0 ok, 2752 échecs
03:19:26   z19 : 0 ok, 2760 échecs
03:19:29   z19 : 0 ok, 2768 échecs
03:19:32   z19 : 0 ok, 2776 échecs
03:19:35   z19 : 0 ok, 2784 échecs
03:19:38   z19 : 0 ok, 2792 échecs
03:19:42   z19 : 0 ok, 2800 échecs
03:19:45   z19 : 0 ok, 2808 échecs
03:19:48   z19 : 0 ok, 2816 échecs
03:19:51   z19 : 0 ok, 2824 échecs
03:19:54   z19 : 0 ok, 2832 échecs
03:19:57   z19 : 0 ok, 2840 échecs
03:20:00   z19 : 0 ok, 2848 échecs
03:20:04   z19 : 0 ok, 2856 échecs
03:20:08   z19 : 0 ok, 2864 échecs
03:20:11   z19 : 0 ok, 2872 échecs
03:20:14   z19 : 0 ok, 2880 échecs
03:20:18   z19 : 0 ok, 2888 échecs
03:20:20   z19 : 0 ok, 2896 échecs
03:20:23   z19 : 0 ok, 2904 échecs
03:20:26   z19 : 0 ok, 2912 échecs
03:20:29   z19 : 0 ok, 2920 échecs
03:20:32   z19 : 0 ok, 2928 échecs
03:20:36   z19 : 0 ok, 2936 échecs
03:20:39   z19 : 0 ok, 2944 échecs
03:20:42   z19 : 0 ok, 2952 échecs
03:20:45   z19 : 0 ok, 2960 échecs
03:20:48   z19 : 0 ok, 2968 échecs
03:20:51   z19 : 0 ok, 2976 échecs
03:20:54   z19 : 0 ok, 2984 échecs
03:20:57   z19 : 0 ok, 2992 échecs
03:21:01   z19 : 0 ok, 3000 échecs
03:21:04   z19 : 0 ok, 3008 échecs
03:21:07   z19 : 0 ok, 3016 échecs
03:21:10   z19 : 0 ok, 3024 échecs
03:21:13   z19 : 0 ok, 3032 échecs
03:21:16   z19 : 0 ok, 3040 échecs
03:21:19   z19 : 0 ok, 3048 échecs
03:21:22   z19 : 0 ok, 3056 échecs
03:21:26   z19 : 0 ok, 3064 échecs
03:21:30   z19 : 0 ok, 3072 échecs
03:21:33   z19 : 0 ok, 3080 échecs
03:21:36   z19 : 0 ok, 3088 échecs
03:21:39   z19 : 0 ok, 3096 échecs
03:21:42   z19 : 0 ok, 3104 échecs
03:21:45   z19 : 0 ok, 3112 échecs
03:21:47   z19 : 0 ok, 3120 échecs
03:21:51   z19 : 0 ok, 3128 échecs
03:21:54   z19 : 0 ok, 3136 échecs
03:21:58   z19 : 0 ok, 3144 échecs
03:22:01   z19 : 0 ok, 3152 échecs
03:22:04   z19 : 0 ok, 3160 échecs
03:22:07   z19 : 0 ok, 3168 échecs
03:22:11   z19 : 0 ok, 3176 échecs
03:22:14   z19 : 0 ok, 3184 échecs
03:22:16   z19 : 0 ok, 3192 échecs
03:22:20   z19 : 0 ok, 3200 échecs
03:22:23   z19 : 0 ok, 3208 échecs
03:22:26   z19 : 0 ok, 3216 échecs
03:22:29   z19 : 0 ok, 3224 échecs
03:22:32   z19 : 0 ok, 3232 échecs
03:22:35   z19 : 0 ok, 3240 échecs
03:22:38   z19 : 0 ok, 3248 échecs
03:22:41   z19 : 0 ok, 3256 échecs
03:22:44   z19 : 0 ok, 3264 échecs
03:22:47   z19 : 0 ok, 3272 échecs
03:22:50   z19 : 0 ok, 3280 échecs
03:22:53   z19 : 0 ok, 3288 échecs
03:22:56   z19 : 0 ok, 3296 échecs
03:23:00   z19 : 0 ok, 3304 échecs
03:23:03   z19 : 0 ok, 3312 échecs
03:23:06   z19 : 0 ok, 3320 échecs
03:23:09   z19 : 0 ok, 3328 échecs
03:23:12   z19 : 0 ok, 3336 échecs
03:23:15   z19 : 0 ok, 3344 échecs
03:23:19   z19 : 0 ok, 3352 échecs
03:23:22   z19 : 0 ok, 3360 échecs
03:23:26   z19 : 0 ok, 3368 échecs
03:23:30   z19 : 0 ok, 3376 échecs
03:23:33   z19 : 0 ok, 3384 échecs
03:23:36   z19 : 0 ok, 3392 échecs
03:23:39   z19 : 0 ok, 3400 échecs
03:23:42   z19 : 0 ok, 3408 échecs
03:23:45   z19 : 0 ok, 3416 échecs
03:23:47   z19 : 0 ok, 3424 échecs
03:23:50   z19 : 0 ok, 3432 échecs
03:23:53   z19 : 0 ok, 3440 échecs
03:23:56   z19 : 0 ok, 3448 échecs
03:23:59   z19 : 0 ok, 3456 échecs
03:24:02   z19 : 0 ok, 3464 échecs
03:24:05   z19 : 0 ok, 3472 échecs
03:24:08   z19 : 0 ok, 3480 échecs
03:24:11   z19 : 0 ok, 3488 échecs
03:24:14   z19 : 0 ok, 3496 échecs
03:24:18   z19 : 0 ok, 3504 échecs
03:24:21   z19 : 0 ok, 3512 échecs
03:24:24   z19 : 0 ok, 3520 échecs
03:24:27   z19 : 0 ok, 3528 échecs
03:24:31   z19 : 0 ok, 3536 échecs
03:24:34   z19 : 0 ok, 3544 échecs
03:24:36   z19 : 0 ok, 3552 échecs
03:24:40   z19 : 0 ok, 3560 échecs
03:24:43   z19 : 0 ok, 3568 échecs
03:24:46   z19 : 0 ok, 3576 échecs
03:24:49   z19 : 0 ok, 3584 échecs
03:24:52   z19 : 0 ok, 3592 échecs
03:24:55   z19 : 0 ok, 3600 échecs
03:24:58   z19 : 0 ok, 3608 échecs
03:25:01   z19 : 0 ok, 3616 échecs
03:25:05   z19 : 0 ok, 3624 échecs
03:25:08   z19 : 0 ok, 3632 échecs
03:25:10   z19 : 0 ok, 3640 échecs
03:25:13   z19 : 0 ok, 3648 échecs
03:25:16   z19 : 0 ok, 3656 échecs
03:25:19   z19 : 0 ok, 3664 échecs
03:25:22   z19 : 0 ok, 3672 échecs
03:25:25   z19 : 0 ok, 3680 échecs
03:25:28   z19 : 0 ok, 3688 échecs
03:25:31   z19 : 0 ok, 3696 échecs
03:25:35   z19 : 0 ok, 3704 échecs
03:25:38   z19 : 0 ok, 3712 échecs
03:25:41   z19 : 0 ok, 3720 échecs
03:25:45   z19 : 0 ok, 3728 échecs
03:25:48   z19 : 0 ok, 3736 échecs
03:25:51   z19 : 0 ok, 3744 échecs
03:25:53   z19 : 0 ok, 3752 échecs
03:25:56   z19 : 0 ok, 3760 échecs
03:25:59   z19 : 0 ok, 3768 échecs
03:26:03   z19 : 0 ok, 3776 échecs
03:26:06   z19 : 0 ok, 3784 échecs
03:26:09   z19 : 0 ok, 3792 échecs
03:26:12   z19 : 0 ok, 3800 échecs
03:26:16   z19 : 0 ok, 3808 échecs
03:26:19   z19 : 0 ok, 3816 échecs
03:26:21   z19 : 0 ok, 3824 échecs
03:26:25   z19 : 0 ok, 3832 échecs
03:26:28   z19 : 0 ok, 3840 échecs
03:26:31   z19 : 0 ok, 3848 échecs
03:26:34   z19 : 0 ok, 3856 échecs
03:26:37   z19 : 0 ok, 3864 échecs
03:26:40   z19 : 0 ok, 3872 échecs
03:26:43   z19 : 0 ok, 3880 échecs
03:26:46   z19 : 0 ok, 3888 échecs
03:26:49   z19 : 0 ok, 3896 échecs
03:26:53   z19 : 0 ok, 3904 échecs
03:26:56   z19 : 0 ok, 3912 échecs
03:26:59   z19 : 0 ok, 3920 échecs
03:27:02   z19 : 0 ok, 3928 échecs
03:27:05   z19 : 0 ok, 3936 échecs
03:27:08   z19 : 0 ok, 3944 échecs
03:27:12   z19 : 0 ok, 3952 échecs
03:27:15   z19 : 0 ok, 3960 échecs
03:27:18   z19 : 0 ok, 3968 échecs
03:27:21   z19 : 0 ok, 3976 échecs
03:27:24   z19 : 0 ok, 3984 échecs
03:27:27   z19 : 0 ok, 3992 échecs
03:27:31   z19 : 0 ok, 4000 échecs
03:27:34   z19 : 0 ok, 4008 échecs
03:27:37   z19 : 0 ok, 4016 échecs
03:27:40   z19 : 0 ok, 4024 échecs
03:27:43   z19 : 0 ok, 4032 échecs
03:27:46   z19 : 0 ok, 4040 échecs
03:27:50   z19 : 0 ok, 4048 échecs
03:27:52   z19 : 0 ok, 4056 échecs
03:27:55   z19 : 0 ok, 4064 échecs
03:27:58   z19 : 0 ok, 4072 échecs
03:28:01   z19 : 0 ok, 4080 échecs
03:28:05   z19 : 0 ok, 4088 échecs
03:28:08   z19 : 0 ok, 4096 échecs
03:28:13   z19 : 0 ok, 4104 échecs
03:28:15   z19 : 0 ok, 4112 échecs
03:28:18   z19 : 0 ok, 4120 échecs
03:28:21   z19 : 0 ok, 4128 échecs
03:28:25   z19 : 0 ok, 4136 échecs
03:28:28   z19 : 0 ok, 4144 échecs
03:28:31   z19 : 0 ok, 4152 échecs
03:28:35   z19 : 0 ok, 4160 échecs
03:28:38   z19 : 0 ok, 4168 échecs
03:28:41   z19 : 0 ok, 4176 échecs
03:28:44   z19 : 0 ok, 4184 échecs
03:28:47   z19 : 0 ok, 4192 échecs
03:28:50   z19 : 0 ok, 4200 échecs
03:28:53   z19 : 0 ok, 4208 échecs
03:28:58   z19 : 0 ok, 4216 échecs
03:29:01   z19 : 0 ok, 4224 échecs
03:29:05   z19 : 0 ok, 4232 échecs
03:29:08   z19 : 0 ok, 4240 échecs
03:29:11   z19 : 0 ok, 4248 échecs
03:29:14   z19 : 0 ok, 4256 échecs
03:29:17   z19 : 0 ok, 4264 échecs
03:29:20   z19 : 0 ok, 4272 échecs
03:29:23   z19 : 0 ok, 4280 échecs
03:29:27   z19 : 0 ok, 4288 échecs
03:29:30   z19 : 0 ok, 4296 échecs
03:29:33   z19 : 0 ok, 4304 échecs
03:29:36   z19 : 0 ok, 4312 échecs
03:29:39   z19 : 0 ok, 4320 échecs
03:29:42   z19 : 0 ok, 4328 échecs
03:29:45   z19 : 0 ok, 4336 échecs
03:29:48   z19 : 0 ok, 4344 échecs
03:29:51   z19 : 0 ok, 4352 échecs
03:29:54   z19 : 0 ok, 4360 échecs
03:29:57   z19 : 0 ok, 4368 échecs
03:30:00   z19 : 0 ok, 4376 échecs
03:30:04   z19 : 0 ok, 4384 échecs
03:30:07   z19 : 0 ok, 4392 échecs
03:30:10   z19 : 0 ok, 4400 échecs
03:30:14   z19 : 0 ok, 4408 échecs
03:30:17   z19 : 0 ok, 4416 échecs
03:30:20   z19 : 0 ok, 4424 échecs
03:30:24   z19 : 0 ok, 4432 échecs
03:30:28   z19 : 0 ok, 4440 échecs
03:30:31   z19 : 0 ok, 4448 échecs
03:30:35   z19 : 0 ok, 4456 échecs
03:30:38   z19 : 0 ok, 4464 échecs
03:30:41   z19 : 0 ok, 4472 échecs
03:30:44   z19 : 0 ok, 4480 échecs
03:30:47   z19 : 0 ok, 4488 échecs
03:30:50   z19 : 0 ok, 4496 échecs
03:30:53   z19 : 0 ok, 4504 échecs
03:30:56   z19 : 0 ok, 4512 échecs
03:30:59   z19 : 0 ok, 4520 échecs
03:31:01   z19 : 0 ok, 4528 échecs
03:31:04   z19 : 0 ok, 4536 échecs
03:31:07   z19 : 0 ok, 4544 échecs
03:31:10   z19 : 0 ok, 4552 échecs
03:31:13   z19 : 0 ok, 4560 échecs
03:31:18   z19 : 0 ok, 4568 échecs
03:31:22   z19 : 0 ok, 4576 échecs
03:31:27   z19 : 0 ok, 4584 échecs
03:31:30   z19 : 0 ok, 4592 échecs
03:31:33   z19 : 0 ok, 4600 échecs
03:31:36   z19 : 0 ok, 4608 échecs
03:31:38   z19 : 0 ok, 4616 échecs
03:31:42   z19 : 0 ok, 4624 échecs
03:31:45   z19 : 0 ok, 4632 échecs
03:31:48   z19 : 0 ok, 4640 échecs
03:31:51   z19 : 0 ok, 4648 échecs
03:31:54   z19 : 0 ok, 4656 échecs
03:31:58   z19 : 0 ok, 4664 échecs
03:32:01   z19 : 0 ok, 4672 échecs
03:32:04   z19 : 0 ok, 4680 échecs
03:32:07   z19 : 0 ok, 4688 échecs
03:32:11   z19 : 0 ok, 4696 échecs
03:32:14   z19 : 0 ok, 4704 échecs
03:32:17   z19 : 0 ok, 4712 échecs
03:32:20   z19 : 0 ok, 4720 échecs
03:32:22   z19 : 0 ok, 4728 échecs
03:32:25   z19 : 0 ok, 4736 échecs
03:32:28   z19 : 0 ok, 4744 échecs
03:32:32   z19 : 0 ok, 4752 échecs
03:32:35   z19 : 0 ok, 4760 échecs
03:32:38   z19 : 0 ok, 4768 échecs
03:32:41   z19 : 0 ok, 4776 échecs
03:32:44   z19 : 0 ok, 4784 échecs
03:32:47   z19 : 0 ok, 4792 échecs
03:32:50   z19 : 0 ok, 4800 échecs
03:32:53   z19 : 0 ok, 4808 échecs
03:32:58   z19 : 0 ok, 4816 échecs
03:33:00   z19 : 0 ok, 4824 échecs
03:33:04   z19 : 0 ok, 4832 échecs
03:33:06   z19 : 0 ok, 4840 échecs
03:33:09   z19 : 0 ok, 4848 échecs
03:33:13   z19 : 0 ok, 4856 échecs
03:33:17   z19 : 0 ok, 4864 échecs
03:33:19   z19 : 0 ok, 4872 échecs
03:33:23   z19 : 0 ok, 4880 échecs
03:33:26   z19 : 0 ok, 4888 échecs
03:33:29   z19 : 0 ok, 4896 échecs
03:33:32   z19 : 0 ok, 4904 échecs
03:33:36   z19 : 0 ok, 4912 échecs
03:33:39   z19 : 0 ok, 4920 échecs
03:33:43   z19 : 0 ok, 4928 échecs
03:33:46   z19 : 0 ok, 4936 échecs
03:33:49   z19 : 0 ok, 4944 échecs
03:33:52   z19 : 0 ok, 4952 échecs
03:33:55   z19 : 0 ok, 4960 échecs
03:33:58   z19 : 0 ok, 4968 échecs
03:34:01   z19 : 0 ok, 4976 échecs
03:34:04   z19 : 0 ok, 4984 échecs
03:34:07   z19 : 0 ok, 4992 échecs
03:34:10   z19 : 0 ok, 5000 échecs
03:34:13   z19 : 0 ok, 5008 échecs
03:34:16   z19 : 0 ok, 5016 échecs
03:34:20   z19 : 0 ok, 5024 échecs
03:34:23   z19 : 0 ok, 5032 échecs
03:34:26   z19 : 0 ok, 5040 échecs
03:34:29   z19 : 0 ok, 5048 échecs
03:34:32   z19 : 0 ok, 5056 échecs
03:34:35   z19 : 0 ok, 5064 échecs
03:34:38   z19 : 0 ok, 5072 échecs
03:34:40   z19 : 0 ok, 5080 échecs
03:34:44   z19 : 0 ok, 5088 échecs
03:34:47   z19 : 0 ok, 5096 échecs
03:34:51   z19 : 0 ok, 5104 échecs
03:34:54   z19 : 0 ok, 5112 échecs
03:34:57   z19 : 0 ok, 5120 échecs
03:35:00   z19 : 0 ok, 5128 échecs
03:35:03   z19 : 0 ok, 5136 échecs
03:35:06   z19 : 0 ok, 5144 échecs
03:35:10   z19 : 0 ok, 5152 échecs
03:35:13   z19 : 0 ok, 5160 échecs
03:35:16   z19 : 0 ok, 5168 échecs
03:35:19   z19 : 0 ok, 5176 échecs
03:35:22   z19 : 0 ok, 5184 échecs
03:35:25   z19 : 0 ok, 5192 échecs
03:35:29   z19 : 0 ok, 5200 échecs
03:35:33   z19 : 0 ok, 5208 échecs
03:35:36   z19 : 0 ok, 5216 échecs
03:35:39   z19 : 0 ok, 5224 échecs
03:35:42   z19 : 0 ok, 5232 échecs
03:35:45   z19 : 0 ok, 5240 échecs
03:35:48   z19 : 0 ok, 5248 échecs
03:35:51   z19 : 0 ok, 5256 échecs
03:35:54   z19 : 0 ok, 5264 échecs
03:35:57   z19 : 0 ok, 5272 échecs
03:36:00   z19 : 0 ok, 5280 échecs
03:36:03   z19 : 0 ok, 5288 échecs
03:36:06   z19 : 0 ok, 5296 échecs
03:36:09   z19 : 0 ok, 5304 échecs
03:36:12   z19 : 0 ok, 5312 échecs
03:36:15   z19 : 0 ok, 5320 échecs
03:36:18   z19 : 0 ok, 5328 échecs
03:36:21   z19 : 0 ok, 5336 échecs
03:36:25   z19 : 0 ok, 5344 échecs
03:36:28   z19 : 0 ok, 5352 échecs
03:36:31   z19 : 0 ok, 5360 échecs
03:36:36   z19 : 0 ok, 5368 échecs
03:36:39   z19 : 0 ok, 5376 échecs
03:36:42   z19 : 0 ok, 5384 échecs
03:36:45   z19 : 0 ok, 5392 échecs
03:36:48   z19 : 0 ok, 5400 échecs
03:36:51   z19 : 0 ok, 5408 échecs
03:36:54   z19 : 0 ok, 5416 échecs
03:36:57   z19 : 0 ok, 5424 échecs
03:37:00   z19 : 0 ok, 5432 échecs
03:37:03   z19 : 0 ok, 5440 échecs
03:37:06   z19 : 0 ok, 5448 échecs
03:37:10   z19 : 0 ok, 5456 échecs
03:37:13   z19 : 0 ok, 5464 échecs
03:37:17   z19 : 0 ok, 5472 échecs
03:37:20   z19 : 0 ok, 5480 échecs
03:37:22   z19 : 0 ok, 5488 échecs
03:37:25   z19 : 0 ok, 5496 échecs
03:37:29   z19 : 0 ok, 5504 échecs
03:37:33   z19 : 0 ok, 5512 échecs
03:37:36   z19 : 0 ok, 5520 échecs
03:37:39   z19 : 0 ok, 5528 échecs
03:37:41   z19 : 0 ok, 5536 échecs
03:37:46   z19 : 0 ok, 5544 échecs
03:37:49   z19 : 0 ok, 5552 échecs
03:37:52   z19 : 0 ok, 5560 échecs
03:37:56   z19 : 0 ok, 5568 échecs
03:37:59   z19 : 0 ok, 5576 échecs
03:38:02   z19 : 0 ok, 5584 échecs
03:38:05   z19 : 0 ok, 5592 échecs
03:38:08   z19 : 0 ok, 5600 échecs
03:38:11   z19 : 0 ok, 5608 échecs
03:38:14   z19 : 0 ok, 5616 échecs
03:38:18   z19 : 0 ok, 5624 échecs
03:38:22   z19 : 0 ok, 5632 échecs
03:38:25   z19 : 0 ok, 5640 échecs
03:38:28   z19 : 0 ok, 5648 échecs
03:38:31   z19 : 0 ok, 5656 échecs
03:38:34   z19 : 0 ok, 5664 échecs
03:38:37   z19 : 0 ok, 5672 échecs
03:38:40   z19 : 0 ok, 5680 échecs
03:38:43   z19 : 0 ok, 5688 échecs
03:38:46   z19 : 0 ok, 5696 échecs
03:38:49   z19 : 0 ok, 5704 échecs
03:38:52   z19 : 0 ok, 5712 échecs
03:38:56   z19 : 0 ok, 5720 échecs
03:38:58   z19 : 0 ok, 5728 échecs
03:39:02   z19 : 0 ok, 5736 échecs
03:39:05   z19 : 0 ok, 5744 échecs
03:39:08   z19 : 0 ok, 5752 échecs
03:39:11   z19 : 0 ok, 5760 échecs
03:39:14   z19 : 0 ok, 5768 échecs
03:39:17   z19 : 0 ok, 5776 échecs
03:39:20   z19 : 0 ok, 5784 échecs
03:39:23   z19 : 0 ok, 5792 échecs
03:39:27   z19 : 0 ok, 5800 échecs
03:39:29   z19 : 0 ok, 5808 échecs
03:39:33   z19 : 0 ok, 5816 échecs
03:39:35   z19 : 0 ok, 5824 échecs
03:39:38   z19 : 0 ok, 5832 échecs
03:39:42   z19 : 0 ok, 5840 échecs
03:39:45   z19 : 0 ok, 5848 échecs
03:39:48   z19 : 0 ok, 5856 échecs
03:39:51   z19 : 0 ok, 5864 échecs
03:39:54   z19 : 0 ok, 5872 échecs
03:39:56   z19 : 0 ok, 5880 échecs
03:39:59   z19 : 0 ok, 5888 échecs
03:40:02   z19 : 0 ok, 5896 échecs
03:40:05   z19 : 0 ok, 5904 échecs
03:40:08   z19 : 0 ok, 5912 échecs
03:40:11   z19 : 0 ok, 5920 échecs
03:40:14   z19 : 0 ok, 5928 échecs
03:40:17   z19 : 0 ok, 5936 échecs
03:40:20   z19 : 0 ok, 5944 échecs
03:40:24   z19 : 0 ok, 5952 échecs
03:40:26   z19 : 0 ok, 5960 échecs
03:40:29   z19 : 0 ok, 5968 échecs
03:40:33   z19 : 0 ok, 5976 échecs
03:40:36   z19 : 0 ok, 5984 échecs
03:40:39   z19 : 0 ok, 5992 échecs
03:40:42   z19 : 0 ok, 6000 échecs
03:40:45   z19 : 0 ok, 6008 échecs
03:40:48   z19 : 0 ok, 6016 échecs
03:40:51   z19 : 0 ok, 6024 échecs
03:40:54   z19 : 0 ok, 6032 échecs
03:40:58   z19 : 0 ok, 6040 échecs
03:41:01   z19 : 0 ok, 6048 échecs
03:41:05   z19 : 0 ok, 6056 échecs
03:41:09   z19 : 0 ok, 6064 échecs
03:41:13   z19 : 0 ok, 6072 échecs
03:41:15   z19 : 0 ok, 6080 échecs
03:41:18   z19 : 0 ok, 6088 échecs
03:41:21   z19 : 0 ok, 6096 échecs
03:41:24   z19 : 0 ok, 6104 échecs
03:41:27   z19 : 0 ok, 6112 échecs
03:41:30   z19 : 0 ok, 6120 échecs
03:41:33   z19 : 0 ok, 6128 échecs
03:41:36   z19 : 0 ok, 6136 échecs
03:41:39   z19 : 0 ok, 6144 échecs
03:41:42   z19 : 0 ok, 6152 échecs
03:41:45   z19 : 0 ok, 6160 échecs
03:41:48   z19 : 0 ok, 6168 échecs
03:41:51   z19 : 0 ok, 6176 échecs
03:41:55   z19 : 0 ok, 6184 échecs
03:41:58   z19 : 0 ok, 6192 échecs
03:42:01   z19 : 0 ok, 6200 échecs
03:42:04   z19 : 0 ok, 6208 échecs
03:42:07   z19 : 0 ok, 6216 échecs
03:42:10   z19 : 0 ok, 6224 échecs
03:42:13   z19 : 0 ok, 6232 échecs
03:42:17   z19 : 0 ok, 6240 échecs
03:42:20   z19 : 0 ok, 6248 échecs
03:42:23   z19 : 0 ok, 6256 échecs
03:42:26   z19 : 0 ok, 6264 échecs
03:42:29   z19 : 0 ok, 6272 échecs
03:42:32   z19 : 0 ok, 6280 échecs
03:42:35   z19 : 0 ok, 6288 échecs
03:42:40   z19 : 0 ok, 6296 échecs
03:42:43   z19 : 0 ok, 6304 échecs
03:42:47   z19 : 0 ok, 6312 échecs
03:42:51   z19 : 0 ok, 6320 échecs
03:42:57   z19 : 0 ok, 6328 échecs
03:43:10   z19 : 0 ok, 6336 échecs
03:43:25   z19 : 0 ok, 6344 échecs
03:44:51   z19 : 0 ok, 6352 échecs
03:44:58   z19 : 0 ok, 6360 échecs
03:45:23   z19 : 0 ok, 6368 échecs
03:45:36   z19 : 0 ok, 6376 échecs
03:46:11   z19 : 0 ok, 6384 échecs
03:46:14   z19 : 0 ok, 6392 échecs
03:46:17   z19 : 0 ok, 6400 échecs
03:46:20   z19 : 0 ok, 6408 échecs
03:46:25   z19 : 0 ok, 6416 échecs
03:46:37   z19 : 0 ok, 6424 échecs
03:46:55   z19 : 0 ok, 6432 échecs
03:47:51   z19 : 0 ok, 6440 échecs
03:48:11   z19 : 0 ok, 6448 échecs
03:48:14   z19 : 0 ok, 6456 échecs
03:48:18   z19 : 0 ok, 6464 échecs
03:48:24   z19 : 0 ok, 6472 échecs
03:48:27   z19 : 0 ok, 6480 échecs
03:48:30   z19 : 0 ok, 6488 échecs
03:48:34   z19 : 0 ok, 6496 échecs
03:48:39   z19 : 0 ok, 6504 échecs
03:48:42   z19 : 0 ok, 6512 échecs
03:48:46   z19 : 0 ok, 6520 échecs
03:48:51   z19 : 0 ok, 6528 échecs
03:48:54   z19 : 0 ok, 6536 échecs
03:48:59   z19 : 0 ok, 6544 échecs
03:49:02   z19 : 0 ok, 6552 échecs
03:49:06   z19 : 0 ok, 6560 échecs
03:49:10   z19 : 0 ok, 6568 échecs
03:49:13   z19 : 0 ok, 6576 échecs
03:49:17   z19 : 0 ok, 6584 échecs
03:49:21   z19 : 0 ok, 6592 échecs
03:49:26   z19 : 0 ok, 6600 échecs
03:49:31   z19 : 0 ok, 6608 échecs
03:49:34   z19 : 0 ok, 6616 échecs
03:49:37   z19 : 0 ok, 6624 échecs
03:49:40   z19 : 0 ok, 6632 échecs
03:49:43   z19 : 0 ok, 6640 échecs
03:49:47   z19 : 0 ok, 6648 échecs
03:49:50   z19 : 0 ok, 6656 échecs
03:49:53   z19 : 0 ok, 6664 échecs
03:49:56   z19 : 0 ok, 6672 échecs
03:49:59   z19 : 0 ok, 6680 échecs
03:50:03   z19 : 0 ok, 6688 échecs
03:50:07   z19 : 0 ok, 6696 échecs
03:50:12   z19 : 0 ok, 6704 échecs
03:50:15   z19 : 0 ok, 6712 échecs
03:50:19   z19 : 0 ok, 6720 échecs
03:50:22   z19 : 0 ok, 6728 échecs
03:50:26   z19 : 0 ok, 6736 échecs
03:50:39   z19 : 0 ok, 6744 échecs
03:50:48   z19 : 0 ok, 6752 échecs
03:50:57   z19 : 0 ok, 6760 échecs
03:51:03   z19 : 0 ok, 6768 échecs
03:51:15   z19 : 0 ok, 6776 échecs
03:51:19   z19 : 0 ok, 6784 échecs
03:51:22   z19 : 0 ok, 6792 échecs
03:51:26   z19 : 0 ok, 6800 échecs
03:51:29   z19 : 0 ok, 6808 échecs
03:51:32   z19 : 0 ok, 6816 échecs
03:51:36   z19 : 0 ok, 6824 échecs
03:51:41   z19 : 0 ok, 6832 échecs
03:51:44   z19 : 0 ok, 6840 échecs
03:51:47   z19 : 0 ok, 6848 échecs
03:51:50   z19 : 0 ok, 6856 échecs
03:51:53   z19 : 0 ok, 6864 échecs
03:51:56   z19 : 0 ok, 6872 échecs
03:52:00   z19 : 0 ok, 6880 échecs
03:52:03   z19 : 0 ok, 6888 échecs
03:52:06   z19 : 0 ok, 6896 échecs
03:52:09   z19 : 0 ok, 6904 échecs
03:52:11   z19 : 0 ok, 6912 échecs
03:52:15   z19 : 0 ok, 6920 échecs
03:52:18   z19 : 0 ok, 6928 échecs
03:52:21   z19 : 0 ok, 6936 échecs
03:52:24   z19 : 0 ok, 6944 échecs
03:52:27   z19 : 0 ok, 6952 échecs
03:52:30   z19 : 0 ok, 6960 échecs
03:52:34   z19 : 0 ok, 6968 échecs
03:52:37   z19 : 0 ok, 6976 échecs
03:52:40   z19 : 0 ok, 6984 échecs
03:52:43   z19 : 0 ok, 6992 échecs
03:52:46   z19 : 0 ok, 7000 échecs
03:52:50   z19 : 0 ok, 7008 échecs
03:52:53   z19 : 0 ok, 7016 échecs
03:52:56   z19 : 0 ok, 7024 échecs
03:52:59   z19 : 0 ok, 7032 échecs
03:53:03   z19 : 0 ok, 7040 échecs
03:53:06   z19 : 0 ok, 7048 échecs
03:53:09   z19 : 0 ok, 7056 échecs
03:53:12   z19 : 0 ok, 7064 échecs
03:53:23   z19 : 0 ok, 7072 échecs
03:53:30   z19 : 0 ok, 7080 échecs
03:53:35   z19 : 0 ok, 7088 échecs
03:53:38   z19 : 0 ok, 7096 échecs
03:53:41   z19 : 0 ok, 7104 échecs
03:53:44   z19 : 0 ok, 7112 échecs
03:53:47   z19 : 0 ok, 7120 échecs
03:53:50   z19 : 0 ok, 7128 échecs
03:53:55   z19 : 0 ok, 7136 échecs
03:53:58   z19 : 0 ok, 7144 échecs
03:54:01   z19 : 0 ok, 7152 échecs
03:54:04   z19 : 0 ok, 7160 échecs
03:54:07   z19 : 0 ok, 7168 échecs
03:54:10   z19 : 0 ok, 7176 échecs
03:54:13   z19 : 0 ok, 7184 échecs
03:54:17   z19 : 0 ok, 7192 échecs
03:54:21   z19 : 0 ok, 7200 échecs
03:54:24   z19 : 0 ok, 7208 échecs
03:54:27   z19 : 0 ok, 7216 échecs
03:54:31   z19 : 0 ok, 7224 échecs
03:54:34   z19 : 0 ok, 7232 échecs
03:54:38   z19 : 0 ok, 7240 échecs
03:54:41   z19 : 0 ok, 7248 échecs
03:54:44   z19 : 0 ok, 7256 échecs
03:54:49   z19 : 0 ok, 7264 échecs
03:54:53   z19 : 0 ok, 7272 échecs
03:54:56   z19 : 0 ok, 7280 échecs
03:55:01   z19 : 0 ok, 7288 échecs
03:55:04   z19 : 0 ok, 7296 échecs
03:55:07   z19 : 0 ok, 7304 échecs
03:55:11   z19 : 0 ok, 7312 échecs
03:55:14   z19 : 0 ok, 7320 échecs
03:55:18   z19 : 0 ok, 7328 échecs
03:55:21   z19 : 0 ok, 7336 échecs
03:55:44   z19 : 0 ok, 7344 échecs
03:55:50   z19 : 0 ok, 7352 échecs
03:55:54   z19 : 0 ok, 7360 échecs
03:56:03   z19 : 0 ok, 7368 échecs
03:56:07   z19 : 0 ok, 7376 échecs
03:56:14   z19 : 0 ok, 7384 échecs
03:56:17   z19 : 0 ok, 7392 échecs
03:56:20   z19 : 0 ok, 7400 échecs
03:56:23   z19 : 0 ok, 7408 échecs
03:56:28   z19 : 0 ok, 7416 échecs
03:56:32   z19 : 0 ok, 7424 échecs
03:56:34   z19 : 0 ok, 7432 échecs
03:56:37   z19 : 0 ok, 7440 échecs
03:56:40   z19 : 0 ok, 7448 échecs
03:56:43   z19 : 0 ok, 7456 échecs
03:56:46   z19 : 0 ok, 7464 échecs
03:56:50   z19 : 0 ok, 7472 échecs
03:56:53   z19 : 0 ok, 7480 échecs
03:56:56   z19 : 0 ok, 7488 échecs
03:56:59   z19 : 0 ok, 7496 échecs
03:57:02   z19 : 0 ok, 7504 échecs
03:57:05   z19 : 0 ok, 7512 échecs
03:57:08   z19 : 0 ok, 7520 échecs
03:57:11   z19 : 0 ok, 7528 échecs
03:57:14   z19 : 0 ok, 7536 échecs
03:57:18   z19 : 0 ok, 7544 échecs
03:57:21   z19 : 0 ok, 7552 échecs
03:57:24   z19 : 0 ok, 7560 échecs
03:57:26   z19 : 0 ok, 7568 échecs
03:57:30   z19 : 0 ok, 7576 échecs
03:57:33   z19 : 0 ok, 7584 échecs
03:57:37   z19 : 0 ok, 7592 échecs
03:57:40   z19 : 0 ok, 7600 échecs
03:57:44   z19 : 0 ok, 7608 échecs
03:57:48   z19 : 0 ok, 7616 échecs
03:57:52   z19 : 0 ok, 7624 échecs
03:57:55   z19 : 0 ok, 7632 échecs
03:57:59   z19 : 0 ok, 7640 échecs
03:58:03   z19 : 0 ok, 7648 échecs
03:58:06   z19 : 0 ok, 7656 échecs
03:58:09   z19 : 0 ok, 7664 échecs
03:58:12   z19 : 0 ok, 7672 échecs
03:58:16   z19 : 0 ok, 7680 échecs
03:58:19   z19 : 0 ok, 7688 échecs
03:58:23   z19 : 0 ok, 7696 échecs
03:58:26   z19 : 0 ok, 7704 échecs
03:58:30   z19 : 0 ok, 7712 échecs
03:58:34   z19 : 0 ok, 7720 échecs
03:58:37   z19 : 0 ok, 7728 échecs
03:58:40   z19 : 0 ok, 7736 échecs
03:58:43   z19 : 0 ok, 7744 échecs
03:58:48   z19 : 0 ok, 7752 échecs
03:58:51   z19 : 0 ok, 7760 échecs
03:58:54   z19 : 0 ok, 7768 échecs
03:58:57   z19 : 0 ok, 7776 échecs
03:59:01   z19 : 0 ok, 7784 échecs
03:59:04   z19 : 0 ok, 7792 échecs
03:59:07   z19 : 0 ok, 7800 échecs
03:59:11   z19 : 0 ok, 7808 échecs
03:59:14   z19 : 0 ok, 7816 échecs
03:59:18   z19 : 0 ok, 7824 échecs
03:59:21   z19 : 0 ok, 7832 échecs
03:59:24   z19 : 0 ok, 7840 échecs
03:59:27   z19 : 0 ok, 7848 échecs
03:59:30   z19 : 0 ok, 7856 échecs
03:59:34   z19 : 0 ok, 7864 échecs
03:59:37   z19 : 0 ok, 7872 échecs
03:59:40   z19 : 0 ok, 7880 échecs
03:59:44   z19 : 0 ok, 7888 échecs
03:59:47   z19 : 0 ok, 7896 échecs
03:59:50   z19 : 0 ok, 7904 échecs
03:59:54   z19 : 0 ok, 7912 échecs
03:59:57   z19 : 0 ok, 7920 échecs
04:00:01   z19 : 0 ok, 7928 échecs
04:00:05   z19 : 0 ok, 7936 échecs
04:00:09   z19 : 0 ok, 7944 échecs
04:00:14   z19 : 0 ok, 7952 échecs
04:00:18   z19 : 0 ok, 7960 échecs
04:00:21   z19 : 0 ok, 7968 échecs
04:00:24   z19 : 0 ok, 7976 échecs
04:00:27   z19 : 0 ok, 7984 échecs
04:00:30   z19 : 0 ok, 7992 échecs
04:00:33   z19 : 0 ok, 8000 échecs
04:00:37   z19 : 0 ok, 8008 échecs
04:00:40   z19 : 0 ok, 8016 échecs
04:00:43   z19 : 0 ok, 8024 échecs
04:00:46   z19 : 0 ok, 8032 échecs
04:00:50   z19 : 0 ok, 8040 échecs
04:00:53   z19 : 0 ok, 8048 échecs
04:00:56   z19 : 0 ok, 8056 échecs
04:00:59   z19 : 0 ok, 8064 échecs
04:01:02   z19 : 0 ok, 8072 échecs
04:01:06   z19 : 0 ok, 8080 échecs
04:01:10   z19 : 0 ok, 8088 échecs
04:01:13   z19 : 0 ok, 8096 échecs
04:01:16   z19 : 0 ok, 8104 échecs
04:01:19   z19 : 0 ok, 8112 échecs
04:01:22   z19 : 0 ok, 8120 échecs
04:01:26   z19 : 0 ok, 8128 échecs
04:01:29   z19 : 0 ok, 8136 échecs
04:01:34   z19 : 0 ok, 8144 échecs
04:01:37   z19 : 0 ok, 8152 échecs
04:01:40   z19 : 0 ok, 8160 échecs
04:01:43   z19 : 0 ok, 8168 échecs
04:01:46   z19 : 0 ok, 8176 échecs
04:01:49   z19 : 0 ok, 8184 échecs
04:01:52   z19 : 0 ok, 8192 échecs
04:01:55   z19 : 0 ok, 8200 échecs
04:01:58   z19 : 0 ok, 8208 échecs
04:02:01   z19 : 0 ok, 8216 échecs
04:02:04   z19 : 0 ok, 8224 échecs
04:02:07   z19 : 0 ok, 8232 échecs
04:02:12   z19 : 0 ok, 8240 échecs
04:02:15   z19 : 0 ok, 8248 échecs
04:02:18   z19 : 0 ok, 8256 échecs
04:02:21   z19 : 0 ok, 8264 échecs
04:02:24   z19 : 0 ok, 8272 échecs
04:02:28   z19 : 0 ok, 8280 échecs
04:02:31   z19 : 0 ok, 8288 échecs
04:02:35   z19 : 0 ok, 8296 échecs
04:02:39   z19 : 0 ok, 8304 échecs
04:02:42   z19 : 0 ok, 8312 échecs
04:02:45   z19 : 0 ok, 8320 échecs
04:02:48   z19 : 0 ok, 8328 échecs
04:02:52   z19 : 0 ok, 8336 échecs
04:02:55   z19 : 0 ok, 8344 échecs
04:02:58   z19 : 0 ok, 8352 échecs
04:03:02   z19 : 0 ok, 8360 échecs
04:03:06   z19 : 0 ok, 8368 échecs
04:03:09   z19 : 0 ok, 8376 échecs
04:03:14   z19 : 0 ok, 8384 échecs
04:03:17   z19 : 0 ok, 8392 échecs
04:03:20   z19 : 0 ok, 8400 échecs
04:03:24   z19 : 0 ok, 8408 échecs
04:03:27   z19 : 0 ok, 8416 échecs
04:03:30   z19 : 0 ok, 8424 échecs
04:03:35   z19 : 0 ok, 8432 échecs
04:03:39   z19 : 0 ok, 8440 échecs
04:03:42   z19 : 0 ok, 8448 échecs
04:03:45   z19 : 0 ok, 8456 échecs
04:03:48   z19 : 0 ok, 8464 échecs
04:03:51   z19 : 0 ok, 8472 échecs
04:03:55   z19 : 0 ok, 8480 échecs
04:03:58   z19 : 0 ok, 8488 échecs
04:04:01   z19 : 0 ok, 8496 échecs
04:04:05   z19 : 0 ok, 8504 échecs
04:04:07   z19 : 0 ok, 8512 échecs
04:04:10   z19 : 0 ok, 8520 échecs
04:04:14   z19 : 0 ok, 8528 échecs
04:04:16   z19 : 0 ok, 8536 échecs
04:04:19   z19 : 0 ok, 8544 échecs
04:04:23   z19 : 0 ok, 8552 échecs
04:04:26   z19 : 0 ok, 8560 échecs
04:04:29   z19 : 0 ok, 8568 échecs
04:04:32   z19 : 0 ok, 8576 échecs
04:04:35   z19 : 0 ok, 8584 échecs
04:04:38   z19 : 0 ok, 8592 échecs
04:04:41   z19 : 0 ok, 8600 échecs
04:04:45   z19 : 0 ok, 8608 échecs
04:04:49   z19 : 0 ok, 8616 échecs
04:04:52   z19 : 0 ok, 8624 échecs
04:04:55   z19 : 0 ok, 8632 échecs
04:04:59   z19 : 0 ok, 8640 échecs
04:05:02   z19 : 0 ok, 8648 échecs
04:05:05   z19 : 0 ok, 8656 échecs
04:05:08   z19 : 0 ok, 8664 échecs
04:05:11   z19 : 0 ok, 8672 échecs
04:05:14   z19 : 0 ok, 8680 échecs
04:05:18   z19 : 0 ok, 8688 échecs
04:05:21   z19 : 0 ok, 8696 échecs
04:05:24   z19 : 0 ok, 8704 échecs
04:05:28   z19 : 0 ok, 8712 échecs
04:05:31   z19 : 0 ok, 8720 échecs
04:05:34   z19 : 0 ok, 8728 échecs
04:05:37   z19 : 0 ok, 8736 échecs
04:05:41   z19 : 0 ok, 8744 échecs
04:05:44   z19 : 0 ok, 8752 échecs
04:05:47   z19 : 0 ok, 8760 échecs
04:05:50   z19 : 0 ok, 8768 échecs
04:05:53   z19 : 0 ok, 8776 échecs
04:05:56   z19 : 0 ok, 8784 échecs
04:06:00   z19 : 0 ok, 8792 échecs
04:06:03   z19 : 0 ok, 8800 échecs
04:06:06   z19 : 0 ok, 8808 échecs
04:06:09   z19 : 0 ok, 8816 échecs
04:06:12   z19 : 0 ok, 8824 échecs
04:06:15   z19 : 0 ok, 8832 échecs
04:06:19   z19 : 0 ok, 8840 échecs
04:06:22   z19 : 0 ok, 8848 échecs
04:06:25   z19 : 0 ok, 8856 échecs
04:06:28   z19 : 0 ok, 8864 échecs
04:06:31   z19 : 0 ok, 8872 échecs
04:06:34   z19 : 0 ok, 8880 échecs
04:06:37   z19 : 0 ok, 8888 échecs
04:06:40   z19 : 0 ok, 8896 échecs
04:06:44   z19 : 0 ok, 8904 échecs
04:06:47   z19 : 0 ok, 8912 échecs
04:06:50   z19 : 0 ok, 8920 échecs
04:06:54   z19 : 0 ok, 8928 échecs
04:06:57   z19 : 0 ok, 8936 échecs
04:07:00   z19 : 0 ok, 8944 échecs
04:07:04   z19 : 0 ok, 8952 échecs
04:07:07   z19 : 0 ok, 8960 échecs
04:07:10   z19 : 0 ok, 8968 échecs
04:07:13   z19 : 0 ok, 8976 échecs
04:07:17   z19 : 0 ok, 8984 échecs
04:07:20   z19 : 0 ok, 8992 échecs
04:07:23   z19 : 0 ok, 9000 échecs
04:07:27   z19 : 0 ok, 9008 échecs
04:07:30   z19 : 0 ok, 9016 échecs
04:07:33   z19 : 0 ok, 9024 échecs
04:07:36   z19 : 0 ok, 9032 échecs
04:07:40   z19 : 0 ok, 9040 échecs
04:07:43   z19 : 0 ok, 9048 échecs
04:07:46   z19 : 0 ok, 9056 échecs
04:07:49   z19 : 0 ok, 9064 échecs
04:07:53   z19 : 0 ok, 9072 échecs
04:07:56   z19 : 0 ok, 9080 échecs
04:07:59   z19 : 0 ok, 9088 échecs
04:08:02   z19 : 0 ok, 9096 échecs
04:08:06   z19 : 0 ok, 9104 échecs
04:08:09   z19 : 0 ok, 9112 échecs
04:08:12   z19 : 0 ok, 9120 échecs
04:08:15   z19 : 0 ok, 9128 échecs
04:08:18   z19 : 0 ok, 9136 échecs
04:08:21   z19 : 0 ok, 9144 échecs
04:08:24   z19 : 0 ok, 9152 échecs
04:08:27   z19 : 0 ok, 9160 échecs
04:08:30   z19 : 0 ok, 9168 échecs
04:08:33   z19 : 0 ok, 9176 échecs
04:08:37   z19 : 0 ok, 9184 échecs
04:08:40   z19 : 0 ok, 9192 échecs
04:08:44   z19 : 0 ok, 9200 échecs
04:08:48   z19 : 0 ok, 9208 échecs
04:08:51   z19 : 0 ok, 9216 échecs
04:08:55   z19 : 0 ok, 9224 échecs
04:09:00   z19 : 0 ok, 9232 échecs
04:09:03   z19 : 0 ok, 9240 échecs
04:09:06   z19 : 0 ok, 9248 échecs
04:09:09   z19 : 0 ok, 9256 échecs
04:09:12   z19 : 0 ok, 9264 échecs
04:09:15   z19 : 0 ok, 9272 échecs
04:09:19   z19 : 0 ok, 9280 échecs
04:09:23   z19 : 0 ok, 9288 échecs
04:09:26   z19 : 0 ok, 9296 échecs
04:09:29   z19 : 0 ok, 9304 échecs
04:09:32   z19 : 0 ok, 9312 échecs
04:09:35   z19 : 0 ok, 9320 échecs
04:09:38   z19 : 0 ok, 9328 échecs
04:09:42   z19 : 0 ok, 9336 échecs
04:09:45   z19 : 0 ok, 9344 échecs
04:09:48   z19 : 0 ok, 9352 échecs
04:09:51   z19 : 0 ok, 9360 échecs
04:09:54   z19 : 0 ok, 9368 échecs
04:09:57   z19 : 0 ok, 9376 échecs
04:10:00   z19 : 0 ok, 9384 échecs
04:10:03   z19 : 0 ok, 9392 échecs
04:10:06   z19 : 0 ok, 9400 échecs
04:10:10   z19 : 0 ok, 9408 échecs
04:10:13   z19 : 0 ok, 9416 échecs
04:10:18   z19 : 0 ok, 9424 échecs
04:10:21   z19 : 0 ok, 9432 échecs
04:10:24   z19 : 0 ok, 9440 échecs
04:10:27   z19 : 0 ok, 9448 échecs
04:10:30   z19 : 0 ok, 9456 échecs
04:10:34   z19 : 0 ok, 9464 échecs
04:10:37   z19 : 0 ok, 9472 échecs
04:10:40   z19 : 0 ok, 9480 échecs
04:10:44   z19 : 0 ok, 9488 échecs
04:10:47   z19 : 0 ok, 9496 échecs
04:10:50   z19 : 0 ok, 9504 échecs
04:10:53   z19 : 0 ok, 9512 échecs
04:10:58   z19 : 0 ok, 9520 échecs
04:11:01   z19 : 0 ok, 9528 échecs
04:11:04   z19 : 0 ok, 9536 échecs
04:11:07   z19 : 0 ok, 9544 échecs
04:11:11   z19 : 0 ok, 9552 échecs
04:11:15   z19 : 0 ok, 9560 échecs
04:11:18   z19 : 0 ok, 9568 échecs
04:11:21   z19 : 0 ok, 9576 échecs
04:11:25   z19 : 0 ok, 9584 échecs
04:11:28   z19 : 0 ok, 9592 échecs
04:11:31   z19 : 0 ok, 9600 échecs
04:11:34   z19 : 0 ok, 9608 échecs
04:11:37   z19 : 0 ok, 9616 échecs
04:11:40   z19 : 0 ok, 9624 échecs
04:11:43   z19 : 0 ok, 9632 échecs
04:11:46   z19 : 0 ok, 9640 échecs
04:11:49   z19 : 0 ok, 9648 échecs
04:11:52   z19 : 0 ok, 9656 échecs
04:11:55   z19 : 0 ok, 9664 échecs
04:11:59   z19 : 0 ok, 9672 échecs
04:12:03   z19 : 0 ok, 9680 échecs
04:12:06   z19 : 0 ok, 9688 échecs
04:12:09   z19 : 0 ok, 9696 échecs
04:12:14   z19 : 0 ok, 9704 échecs
04:12:17   z19 : 0 ok, 9712 échecs
04:12:20   z19 : 0 ok, 9720 échecs
04:12:24   z19 : 0 ok, 9728 échecs
04:12:27   z19 : 0 ok, 9736 échecs
04:12:30   z19 : 0 ok, 9744 échecs
04:12:32   z19 : 0 ok, 9752 échecs
04:12:35   z19 : 0 ok, 9760 échecs
04:12:39   z19 : 0 ok, 9768 échecs
04:12:42   z19 : 0 ok, 9776 échecs
04:12:45   z19 : 0 ok, 9784 échecs
04:12:48   z19 : 0 ok, 9792 échecs
04:12:51   z19 : 0 ok, 9800 échecs
04:12:54   z19 : 0 ok, 9808 échecs
04:12:57   z19 : 0 ok, 9816 échecs
04:13:00   z19 : 0 ok, 9824 échecs
04:13:03   z19 : 0 ok, 9832 échecs
04:13:06   z19 : 0 ok, 9840 échecs
04:13:09   z19 : 0 ok, 9848 échecs
04:13:12   z19 : 0 ok, 9856 échecs
04:13:15   z19 : 0 ok, 9864 échecs
04:13:18   z19 : 0 ok, 9872 échecs
04:13:21   z19 : 0 ok, 9880 échecs
04:13:24   z19 : 0 ok, 9888 échecs
04:13:28   z19 : 0 ok, 9896 échecs
04:13:31   z19 : 0 ok, 9904 échecs
04:13:34   z19 : 0 ok, 9912 échecs
04:13:37   z19 : 0 ok, 9920 échecs
04:13:40   z19 : 0 ok, 9928 échecs
04:13:43   z19 : 0 ok, 9936 échecs
04:13:46   z19 : 0 ok, 9944 échecs
04:13:49   z19 : 0 ok, 9952 échecs
04:13:52   z19 : 0 ok, 9960 échecs
04:13:55   z19 : 0 ok, 9968 échecs
04:13:57   z19 : 0 ok, 9976 échecs
04:14:01   z19 : 0 ok, 9984 échecs
04:14:05   z19 : 0 ok, 9992 échecs
04:14:08   z19 : 0 ok, 10000 échecs
04:14:11   z19 : 0 ok, 10008 échecs
04:14:14   z19 : 0 ok, 10016 échecs
04:14:17   z19 : 0 ok, 10024 échecs
04:14:20   z19 : 0 ok, 10032 échecs
04:14:23   z19 : 0 ok, 10040 échecs
04:14:26   z19 : 0 ok, 10048 échecs
04:14:30   z19 : 0 ok, 10056 échecs
04:14:33   z19 : 0 ok, 10064 échecs
04:14:36   z19 : 0 ok, 10072 échecs
04:14:38   z19 : 0 ok, 10080 échecs
04:14:42   z19 : 0 ok, 10088 échecs
04:14:45   z19 : 0 ok, 10096 échecs
04:14:47   z19 : 0 ok, 10104 échecs
04:14:51   z19 : 0 ok, 10112 échecs
04:14:54   z19 : 0 ok, 10120 échecs
04:14:56   z19 : 0 ok, 10128 échecs
04:14:59   z19 : 0 ok, 10136 échecs
04:15:02   z19 : 0 ok, 10144 échecs
04:15:05   z19 : 0 ok, 10152 échecs
04:15:08   z19 : 0 ok, 10160 échecs
04:15:11   z19 : 0 ok, 10168 échecs
04:15:14   z19 : 0 ok, 10176 échecs
04:15:17   z19 : 0 ok, 10184 échecs
04:15:20   z19 : 0 ok, 10192 échecs
04:15:25   z19 : 0 ok, 10200 échecs
04:15:28   z19 : 0 ok, 10208 échecs
04:15:32   z19 : 0 ok, 10216 échecs
04:15:35   z19 : 0 ok, 10224 échecs
04:15:38   z19 : 0 ok, 10232 échecs
04:15:41   z19 : 0 ok, 10240 échecs
04:15:45   z19 : 0 ok, 10248 échecs
04:15:48   z19 : 0 ok, 10256 échecs
04:15:50   z19 : 0 ok, 10264 échecs
04:15:53   z19 : 0 ok, 10272 échecs
04:15:56   z19 : 0 ok, 10280 échecs
04:16:00   z19 : 0 ok, 10288 échecs
04:16:03   z19 : 0 ok, 10296 échecs
04:16:06   z19 : 0 ok, 10304 échecs
04:16:09   z19 : 0 ok, 10312 échecs
04:16:12   z19 : 0 ok, 10320 échecs
04:16:15   z19 : 0 ok, 10328 échecs
04:16:18   z19 : 0 ok, 10336 échecs
04:16:21   z19 : 0 ok, 10344 échecs
04:16:25   z19 : 0 ok, 10352 échecs
04:16:28   z19 : 0 ok, 10360 échecs
04:16:32   z19 : 0 ok, 10368 échecs
04:16:34   z19 : 0 ok, 10376 échecs
04:16:38   z19 : 0 ok, 10384 échecs
04:16:40   z19 : 0 ok, 10392 échecs
04:16:45   z19 : 0 ok, 10400 échecs
04:16:48   z19 : 0 ok, 10408 échecs
04:16:51   z19 : 0 ok, 10416 échecs
04:16:54   z19 : 0 ok, 10424 échecs
04:16:57   z19 : 0 ok, 10432 échecs
04:17:00   z19 : 0 ok, 10440 échecs
04:17:03   z19 : 0 ok, 10448 échecs
04:17:07   z19 : 0 ok, 10456 échecs
04:17:11   z19 : 0 ok, 10464 échecs
04:17:14   z19 : 0 ok, 10472 échecs
04:17:17   z19 : 0 ok, 10480 échecs
04:17:20   z19 : 0 ok, 10488 échecs
04:17:23   z19 : 0 ok, 10496 échecs
04:17:25   z19 : 0 ok, 10504 échecs
04:17:28   z19 : 0 ok, 10512 échecs
04:17:32   z19 : 0 ok, 10520 échecs
04:17:35   z19 : 0 ok, 10528 échecs
04:17:38   z19 : 0 ok, 10536 échecs
04:17:42   z19 : 0 ok, 10544 échecs
04:17:47   z19 : 0 ok, 10552 échecs
04:17:50   z19 : 0 ok, 10560 échecs
04:17:53   z19 : 0 ok, 10568 échecs
04:17:56   z19 : 0 ok, 10576 échecs
04:18:00   z19 : 0 ok, 10584 échecs
04:18:03   z19 : 0 ok, 10592 échecs
04:18:07   z19 : 0 ok, 10600 échecs
04:18:10   z19 : 0 ok, 10608 échecs
04:18:13   z19 : 0 ok, 10616 échecs
04:18:16   z19 : 0 ok, 10624 échecs
04:18:19   z19 : 0 ok, 10632 échecs
04:18:22   z19 : 0 ok, 10640 échecs
04:18:25   z19 : 0 ok, 10648 échecs
04:18:28   z19 : 0 ok, 10656 échecs
04:18:31   z19 : 0 ok, 10664 échecs
04:18:35   z19 : 0 ok, 10672 échecs
04:18:38   z19 : 0 ok, 10680 échecs
04:18:41   z19 : 0 ok, 10688 échecs
04:18:45   z19 : 0 ok, 10696 échecs
04:18:48   z19 : 0 ok, 10704 échecs
04:18:51   z19 : 0 ok, 10712 échecs
04:18:54   z19 : 0 ok, 10720 échecs
04:18:57   z19 : 0 ok, 10728 échecs
04:19:01   z19 : 0 ok, 10736 échecs
04:19:04   z19 : 0 ok, 10744 échecs
04:19:07   z19 : 0 ok, 10752 échecs
04:19:10   z19 : 0 ok, 10760 échecs
04:19:13   z19 : 0 ok, 10768 échecs
04:19:16   z19 : 0 ok, 10776 échecs
04:19:19   z19 : 0 ok, 10784 échecs
04:19:22   z19 : 0 ok, 10792 échecs
04:19:25   z19 : 0 ok, 10800 échecs
04:19:30   z19 : 0 ok, 10808 échecs
04:19:33   z19 : 0 ok, 10816 échecs
04:19:36   z19 : 0 ok, 10824 échecs
04:19:39   z19 : 0 ok, 10832 échecs
04:19:42   z19 : 0 ok, 10840 échecs
04:19:45   z19 : 0 ok, 10848 échecs
04:19:48   z19 : 0 ok, 10856 échecs
04:19:51   z19 : 0 ok, 10864 échecs
04:19:54   z19 : 0 ok, 10872 échecs
04:19:57   z19 : 0 ok, 10880 échecs
04:20:01   z19 : 0 ok, 10888 échecs
04:20:04   z19 : 0 ok, 10896 échecs
04:20:06   z19 : 0 ok, 10904 échecs
04:20:10   z19 : 0 ok, 10912 échecs
04:20:13   z19 : 0 ok, 10920 échecs
04:20:16   z19 : 0 ok, 10928 échecs
04:20:19   z19 : 0 ok, 10936 échecs
04:20:22   z19 : 0 ok, 10944 échecs
04:20:25   z19 : 0 ok, 10952 échecs
04:20:29   z19 : 0 ok, 10960 échecs
04:20:32   z19 : 0 ok, 10968 échecs
04:20:36   z19 : 0 ok, 10976 échecs
04:20:39   z19 : 0 ok, 10984 échecs
04:20:42   z19 : 0 ok, 10992 échecs
04:20:45   z19 : 0 ok, 11000 échecs
04:20:49   z19 : 0 ok, 11008 échecs
04:20:52   z19 : 0 ok, 11016 échecs
04:20:55   z19 : 0 ok, 11024 échecs
04:21:00   z19 : 0 ok, 11032 échecs
04:21:03   z19 : 0 ok, 11040 échecs
04:21:06   z19 : 0 ok, 11048 échecs
04:21:06 [orthophoto z19] terminé : 0 ok, 11048 échecs
04:27:52 [orthophoto z19] 11048 tuiles à télécharger
04:27:57   z19 : 0 ok, 8 échecs
04:28:01   z19 : 0 ok, 16 échecs
04:28:04   z19 : 0 ok, 24 échecs
04:28:11   z19 : 0 ok, 32 échecs
04:28:15   z19 : 0 ok, 40 échecs
04:28:18   z19 : 0 ok, 48 échecs
04:28:22   z19 : 0 ok, 56 échecs
04:28:28   z19 : 0 ok, 64 échecs
04:28:34   z19 : 0 ok, 72 échecs
04:28:40   z19 : 0 ok, 80 échecs
04:28:46   z19 : 0 ok, 88 échecs
04:28:51   z19 : 0 ok, 96 échecs
04:28:55   z19 : 0 ok, 104 échecs
04:29:04   z19 : 0 ok, 112 échecs
04:29:07   z19 : 0 ok, 120 échecs
04:29:11   z19 : 0 ok, 128 échecs
04:29:20   z19 : 0 ok, 136 échecs
04:29:25   z19 : 0 ok, 144 échecs
04:29:59   z19 : 0 ok, 152 échecs
04:30:14   z19 : 0 ok, 160 échecs
04:30:23   z19 : 0 ok, 168 échecs
04:30:26   z19 : 0 ok, 176 échecs
04:30:29   z19 : 0 ok, 184 échecs
04:30:32   z19 : 0 ok, 192 échecs
04:30:35   z19 : 0 ok, 200 échecs
04:30:38   z19 : 0 ok, 208 échecs
04:30:41   z19 : 0 ok, 216 échecs
04:30:44   z19 : 0 ok, 224 échecs
04:30:49   z19 : 0 ok, 232 échecs
04:30:52   z19 : 0 ok, 240 échecs
04:30:56   z19 : 0 ok, 248 échecs
04:31:00   z19 : 0 ok, 256 échecs
04:31:03   z19 : 0 ok, 264 échecs
04:31:07   z19 : 0 ok, 272 échecs
04:31:10   z19 : 0 ok, 280 échecs
04:31:13   z19 : 0 ok, 288 échecs
04:31:17   z19 : 0 ok, 296 échecs
04:31:21   z19 : 0 ok, 304 échecs
04:31:26   z19 : 0 ok, 312 échecs
04:31:30   z19 : 0 ok, 320 échecs
04:31:37   z19 : 0 ok, 328 échecs
04:31:41   z19 : 0 ok, 336 échecs
04:31:46   z19 : 0 ok, 344 échecs
04:31:51   z19 : 0 ok, 352 échecs
04:31:55   z19 : 0 ok, 360 échecs
04:31:59   z19 : 0 ok, 368 échecs
04:32:03   z19 : 0 ok, 376 échecs
04:32:08   z19 : 0 ok, 384 échecs
04:32:12   z19 : 0 ok, 392 échecs
04:32:16   z19 : 0 ok, 400 échecs
04:32:19   z19 : 0 ok, 408 échecs
04:32:23   z19 : 0 ok, 416 échecs
04:32:27   z19 : 0 ok, 424 échecs
04:32:32   z19 : 0 ok, 432 échecs
04:32:35   z19 : 0 ok, 440 échecs
04:33:03   z19 : 0 ok, 448 échecs
04:33:11   z19 : 0 ok, 456 échecs
04:33:15   z19 : 0 ok, 464 échecs
04:33:19   z19 : 0 ok, 472 échecs
04:33:26   z19 : 0 ok, 480 échecs
04:33:44   z19 : 0 ok, 488 échecs
04:33:47   z19 : 0 ok, 496 échecs
04:33:50   z19 : 0 ok, 504 échecs
04:33:54   z19 : 0 ok, 512 échecs
04:33:57   z19 : 0 ok, 520 échecs
04:34:02   z19 : 0 ok, 528 échecs
04:34:05   z19 : 0 ok, 536 échecs
04:34:09   z19 : 0 ok, 544 échecs
04:34:15   z19 : 0 ok, 552 échecs
04:34:18   z19 : 0 ok, 560 échecs
04:34:21   z19 : 0 ok, 568 échecs
04:34:24   z19 : 0 ok, 576 échecs
04:34:27   z19 : 0 ok, 584 échecs
04:34:31   z19 : 0 ok, 592 échecs
04:34:34   z19 : 0 ok, 600 échecs
04:34:38   z19 : 0 ok, 608 échecs
04:34:40   z19 : 0 ok, 616 échecs
04:34:44   z19 : 0 ok, 624 échecs
04:34:51   z19 : 0 ok, 632 échecs
04:34:58   z19 : 0 ok, 640 échecs
04:35:08   z19 : 0 ok, 648 échecs
04:35:12   z19 : 0 ok, 656 échecs
04:35:16   z19 : 0 ok, 664 échecs
04:35:19   z19 : 0 ok, 672 échecs
04:35:22   z19 : 0 ok, 680 échecs
04:35:25   z19 : 0 ok, 688 échecs
04:35:29   z19 : 0 ok, 696 échecs
04:35:32   z19 : 0 ok, 704 échecs
04:35:36   z19 : 0 ok, 712 échecs
04:35:39   z19 : 0 ok, 720 échecs
04:35:43   z19 : 0 ok, 728 échecs
04:35:46   z19 : 0 ok, 736 échecs
04:35:50   z19 : 0 ok, 744 échecs
04:35:54   z19 : 0 ok, 752 échecs
04:35:58   z19 : 0 ok, 760 échecs
04:36:03   z19 : 0 ok, 768 échecs
04:36:07   z19 : 0 ok, 776 échecs
04:36:11   z19 : 0 ok, 784 échecs
04:36:14   z19 : 0 ok, 792 échecs
04:36:20   z19 : 0 ok, 800 échecs
04:36:25   z19 : 0 ok, 808 échecs
04:36:42   z19 : 0 ok, 816 échecs
04:36:48   z19 : 0 ok, 824 échecs
04:36:51   z19 : 0 ok, 832 échecs
04:36:54   z19 : 0 ok, 840 échecs
04:36:57   z19 : 0 ok, 848 échecs
04:37:00   z19 : 0 ok, 856 échecs
04:37:05   z19 : 0 ok, 864 échecs
04:37:09   z19 : 0 ok, 872 échecs
04:37:13   z19 : 0 ok, 880 échecs
04:37:16   z19 : 0 ok, 888 échecs
04:37:22   z19 : 0 ok, 896 échecs
04:37:25   z19 : 0 ok, 904 échecs
04:37:29   z19 : 0 ok, 912 échecs
04:37:33   z19 : 0 ok, 920 échecs
04:37:37   z19 : 0 ok, 928 échecs
04:37:49   z19 : 0 ok, 936 échecs
04:37:58   z19 : 0 ok, 944 échecs
04:38:03   z19 : 0 ok, 952 échecs
04:38:06   z19 : 0 ok, 960 échecs
04:38:10   z19 : 0 ok, 968 échecs
04:38:13   z19 : 0 ok, 976 échecs
04:38:17   z19 : 0 ok, 984 échecs
04:38:21   z19 : 0 ok, 992 échecs
04:38:24   z19 : 0 ok, 1000 échecs
04:38:27   z19 : 0 ok, 1008 échecs
04:38:31   z19 : 0 ok, 1016 échecs
04:38:36   z19 : 0 ok, 1024 échecs
04:38:39   z19 : 0 ok, 1032 échecs
04:38:43   z19 : 0 ok, 1040 échecs
04:38:47   z19 : 0 ok, 1048 échecs
04:38:51   z19 : 0 ok, 1056 échecs
04:38:55   z19 : 0 ok, 1064 échecs
04:38:59   z19 : 0 ok, 1072 échecs
04:39:03   z19 : 0 ok, 1080 échecs
04:39:05   z19 : 0 ok, 1088 échecs
04:39:09   z19 : 0 ok, 1096 échecs
04:39:13   z19 : 0 ok, 1104 échecs
04:39:17   z19 : 0 ok, 1112 échecs
04:39:21   z19 : 0 ok, 1120 échecs
04:39:25   z19 : 0 ok, 1128 échecs
04:39:29   z19 : 0 ok, 1136 échecs
04:39:33   z19 : 0 ok, 1144 échecs
04:39:38   z19 : 0 ok, 1152 échecs
04:39:41   z19 : 0 ok, 1160 échecs
04:39:45   z19 : 0 ok, 1168 échecs
04:39:52   z19 : 0 ok, 1176 échecs
04:39:55   z19 : 0 ok, 1184 échecs
04:39:58   z19 : 0 ok, 1192 échecs
04:40:02   z19 : 0 ok, 1200 échecs
04:40:07   z19 : 0 ok, 1208 échecs
04:40:14   z19 : 0 ok, 1216 échecs
04:40:18   z19 : 0 ok, 1224 échecs
04:40:22   z19 : 0 ok, 1232 échecs
04:40:26   z19 : 0 ok, 1240 échecs
04:40:29   z19 : 0 ok, 1248 échecs
04:40:33   z19 : 0 ok, 1256 échecs
04:40:36   z19 : 0 ok, 1264 échecs
04:40:39   z19 : 0 ok, 1272 échecs
04:40:42   z19 : 0 ok, 1280 échecs
04:40:46   z19 : 0 ok, 1288 échecs
04:40:49   z19 : 0 ok, 1296 échecs
04:40:52   z19 : 0 ok, 1304 échecs
04:40:56   z19 : 0 ok, 1312 échecs
04:40:59   z19 : 0 ok, 1320 échecs
04:41:02   z19 : 0 ok, 1328 échecs
04:41:06   z19 : 0 ok, 1336 échecs
04:41:09   z19 : 0 ok, 1344 échecs
04:41:13   z19 : 0 ok, 1352 échecs
04:41:16   z19 : 0 ok, 1360 échecs
04:41:19   z19 : 0 ok, 1368 échecs
04:41:24   z19 : 0 ok, 1376 échecs
04:41:29   z19 : 0 ok, 1384 échecs
04:41:36   z19 : 0 ok, 1392 échecs
04:41:40   z19 : 0 ok, 1400 échecs
04:41:43   z19 : 0 ok, 1408 échecs
04:41:46   z19 : 0 ok, 1416 échecs
04:41:49   z19 : 0 ok, 1424 échecs
04:41:53   z19 : 0 ok, 1432 échecs
04:41:57   z19 : 0 ok, 1440 échecs
04:42:01   z19 : 0 ok, 1448 échecs
04:42:04   z19 : 0 ok, 1456 échecs
04:42:07   z19 : 0 ok, 1464 échecs
04:42:10   z19 : 0 ok, 1472 échecs
04:42:15   z19 : 0 ok, 1480 échecs
04:42:18   z19 : 0 ok, 1488 échecs
04:42:22   z19 : 0 ok, 1496 échecs
04:42:32   z19 : 0 ok, 1504 échecs
04:42:36   z19 : 0 ok, 1512 échecs
04:42:44   z19 : 0 ok, 1520 échecs
04:42:48   z19 : 0 ok, 1528 échecs
04:42:51   z19 : 0 ok, 1536 échecs
04:42:54   z19 : 0 ok, 1544 échecs
04:42:57   z19 : 0 ok, 1552 échecs
04:43:01   z19 : 0 ok, 1560 échecs
04:43:04   z19 : 0 ok, 1568 échecs
04:43:07   z19 : 0 ok, 1576 échecs
04:43:10   z19 : 0 ok, 1584 échecs
04:43:14   z19 : 0 ok, 1592 échecs
04:43:19   z19 : 0 ok, 1600 échecs
04:43:22   z19 : 0 ok, 1608 échecs
04:43:26   z19 : 0 ok, 1616 échecs
04:43:29   z19 : 0 ok, 1624 échecs
04:43:32   z19 : 0 ok, 1632 échecs
04:43:36   z19 : 0 ok, 1640 échecs
04:43:39   z19 : 0 ok, 1648 échecs
04:43:43   z19 : 0 ok, 1656 échecs
04:43:47   z19 : 0 ok, 1664 échecs
04:43:50   z19 : 0 ok, 1672 échecs
04:43:53   z19 : 0 ok, 1680 échecs
04:43:56   z19 : 0 ok, 1688 échecs
04:44:00   z19 : 0 ok, 1696 échecs
04:44:03   z19 : 0 ok, 1704 échecs
04:44:07   z19 : 0 ok, 1712 échecs
04:44:10   z19 : 0 ok, 1720 échecs
04:44:13   z19 : 0 ok, 1728 échecs
04:44:16   z19 : 0 ok, 1736 échecs
04:44:19   z19 : 0 ok, 1744 échecs
04:44:22   z19 : 0 ok, 1752 échecs
04:44:26   z19 : 0 ok, 1760 échecs
04:44:30   z19 : 0 ok, 1768 échecs
04:44:33   z19 : 0 ok, 1776 échecs
04:44:36   z19 : 0 ok, 1784 échecs
04:44:41   z19 : 0 ok, 1792 échecs
04:44:45   z19 : 0 ok, 1800 échecs
04:44:49   z19 : 0 ok, 1808 échecs
04:44:54   z19 : 0 ok, 1816 échecs
04:45:03   z19 : 0 ok, 1824 échecs
04:45:07   z19 : 0 ok, 1832 échecs
04:45:10   z19 : 0 ok, 1840 échecs
04:45:13   z19 : 0 ok, 1848 échecs
04:45:16   z19 : 0 ok, 1856 échecs
04:45:19   z19 : 0 ok, 1864 échecs
04:45:22   z19 : 0 ok, 1872 échecs
04:45:25   z19 : 0 ok, 1880 échecs
04:45:28   z19 : 0 ok, 1888 échecs
04:45:31   z19 : 0 ok, 1896 échecs
04:45:34   z19 : 0 ok, 1904 échecs
04:45:38   z19 : 0 ok, 1912 échecs
04:45:41   z19 : 0 ok, 1920 échecs
04:45:46   z19 : 0 ok, 1928 échecs
04:45:49   z19 : 0 ok, 1936 échecs
04:45:53   z19 : 0 ok, 1944 échecs
04:45:56   z19 : 0 ok, 1952 échecs
04:45:59   z19 : 0 ok, 1960 échecs
04:46:02   z19 : 0 ok, 1968 échecs
04:46:05   z19 : 0 ok, 1976 échecs
04:46:09   z19 : 0 ok, 1984 échecs
04:46:12   z19 : 0 ok, 1992 échecs
04:46:15   z19 : 0 ok, 2000 échecs
04:46:18   z19 : 0 ok, 2008 échecs
04:46:20   z19 : 0 ok, 2016 échecs
04:46:24   z19 : 0 ok, 2024 échecs
04:46:28   z19 : 0 ok, 2032 échecs
04:46:31   z19 : 0 ok, 2040 échecs
04:46:35   z19 : 0 ok, 2048 échecs
04:46:38   z19 : 0 ok, 2056 échecs
04:46:41   z19 : 0 ok, 2064 échecs
04:46:44   z19 : 0 ok, 2072 échecs
04:46:48   z19 : 0 ok, 2080 échecs
04:46:51   z19 : 0 ok, 2088 échecs
04:46:54   z19 : 0 ok, 2096 échecs
04:46:58   z19 : 0 ok, 2104 échecs
04:47:02   z19 : 0 ok, 2112 échecs
04:47:05   z19 : 0 ok, 2120 échecs
04:47:08   z19 : 0 ok, 2128 échecs
04:47:11   z19 : 0 ok, 2136 échecs
04:47:14   z19 : 0 ok, 2144 échecs
04:47:17   z19 : 0 ok, 2152 échecs
04:47:20   z19 : 0 ok, 2160 échecs
04:47:23   z19 : 0 ok, 2168 échecs
04:47:26   z19 : 0 ok, 2176 échecs
04:47:29   z19 : 0 ok, 2184 échecs
04:47:32   z19 : 0 ok, 2192 échecs
04:47:35   z19 : 0 ok, 2200 échecs
04:47:38   z19 : 0 ok, 2208 échecs
04:47:42   z19 : 0 ok, 2216 échecs
04:47:45   z19 : 0 ok, 2224 échecs
04:47:48   z19 : 0 ok, 2232 échecs
04:47:51   z19 : 0 ok, 2240 échecs
04:47:54   z19 : 0 ok, 2248 échecs
04:47:56   z19 : 0 ok, 2256 échecs
04:48:00   z19 : 0 ok, 2264 échecs
04:48:03   z19 : 0 ok, 2272 échecs
04:48:06   z19 : 0 ok, 2280 échecs
04:48:09   z19 : 0 ok, 2288 échecs
04:48:13   z19 : 0 ok, 2296 échecs
04:48:16   z19 : 0 ok, 2304 échecs
04:48:20   z19 : 0 ok, 2312 échecs
04:48:23   z19 : 0 ok, 2320 échecs
04:48:26   z19 : 0 ok, 2328 échecs
04:48:31   z19 : 0 ok, 2336 échecs
04:48:34   z19 : 0 ok, 2344 échecs
04:48:38   z19 : 0 ok, 2352 échecs
04:48:41   z19 : 0 ok, 2360 échecs
04:48:44   z19 : 0 ok, 2368 échecs
04:48:47   z19 : 0 ok, 2376 échecs
04:48:50   z19 : 0 ok, 2384 échecs
04:48:53   z19 : 0 ok, 2392 échecs
04:48:56   z19 : 0 ok, 2400 échecs
04:49:00   z19 : 0 ok, 2408 échecs
04:49:03   z19 : 0 ok, 2416 échecs
04:49:07   z19 : 0 ok, 2424 échecs
04:49:10   z19 : 0 ok, 2432 échecs
04:49:13   z19 : 0 ok, 2440 échecs
04:49:17   z19 : 0 ok, 2448 échecs
04:49:20   z19 : 0 ok, 2456 échecs
04:49:24   z19 : 0 ok, 2464 échecs
04:49:28   z19 : 0 ok, 2472 échecs
04:49:31   z19 : 0 ok, 2480 échecs
04:49:36   z19 : 0 ok, 2488 échecs
04:49:40   z19 : 0 ok, 2496 échecs
04:49:43   z19 : 0 ok, 2504 échecs
04:49:46   z19 : 0 ok, 2512 échecs
04:49:49   z19 : 0 ok, 2520 échecs
04:49:52   z19 : 0 ok, 2528 échecs
04:49:55   z19 : 0 ok, 2536 échecs
04:49:58   z19 : 0 ok, 2544 échecs
04:50:02   z19 : 0 ok, 2552 échecs
04:50:06   z19 : 0 ok, 2560 échecs
04:50:09   z19 : 0 ok, 2568 échecs
04:50:12   z19 : 0 ok, 2576 échecs
04:50:15   z19 : 0 ok, 2584 échecs
04:50:18   z19 : 0 ok, 2592 échecs
04:50:21   z19 : 0 ok, 2600 échecs
04:50:24   z19 : 0 ok, 2608 échecs
04:50:27   z19 : 0 ok, 2616 échecs
04:50:32   z19 : 0 ok, 2624 échecs
04:50:35   z19 : 0 ok, 2632 échecs
04:50:39   z19 : 0 ok, 2640 échecs
04:50:43   z19 : 0 ok, 2648 échecs
04:50:46   z19 : 0 ok, 2656 échecs
04:50:52   z19 : 0 ok, 2664 échecs
04:50:55   z19 : 0 ok, 2672 échecs
04:50:59   z19 : 0 ok, 2680 échecs
04:51:02   z19 : 0 ok, 2688 échecs
04:51:05   z19 : 0 ok, 2696 échecs
04:51:08   z19 : 0 ok, 2704 échecs
04:51:11   z19 : 0 ok, 2712 échecs
04:51:14   z19 : 0 ok, 2720 échecs
04:51:19   z19 : 0 ok, 2728 échecs
04:51:22   z19 : 0 ok, 2736 échecs
04:51:25   z19 : 0 ok, 2744 échecs
04:51:29   z19 : 0 ok, 2752 échecs
04:51:32   z19 : 0 ok, 2760 échecs
04:51:35   z19 : 0 ok, 2768 échecs
04:51:38   z19 : 0 ok, 2776 échecs
04:51:41   z19 : 0 ok, 2784 échecs
04:51:44   z19 : 0 ok, 2792 échecs
04:51:51   z19 : 0 ok, 2800 échecs
04:51:56   z19 : 0 ok, 2808 échecs
04:51:59   z19 : 0 ok, 2816 échecs
04:52:03   z19 : 0 ok, 2824 échecs
04:52:06   z19 : 0 ok, 2832 échecs
04:52:10   z19 : 0 ok, 2840 échecs
04:52:13   z19 : 0 ok, 2848 échecs
04:52:16   z19 : 0 ok, 2856 échecs
04:52:19   z19 : 0 ok, 2864 échecs
04:52:24   z19 : 0 ok, 2872 échecs
04:52:28   z19 : 0 ok, 2880 échecs
04:52:31   z19 : 0 ok, 2888 échecs
04:52:34   z19 : 0 ok, 2896 échecs
04:52:37   z19 : 0 ok, 2904 échecs
04:52:40   z19 : 0 ok, 2912 échecs
04:52:43   z19 : 0 ok, 2920 échecs
04:52:47   z19 : 0 ok, 2928 échecs
04:52:51   z19 : 0 ok, 2936 échecs
04:52:54   z19 : 0 ok, 2944 échecs
04:52:57   z19 : 0 ok, 2952 échecs
04:53:01   z19 : 0 ok, 2960 échecs
04:53:04   z19 : 0 ok, 2968 échecs
04:53:07   z19 : 0 ok, 2976 échecs
04:53:10   z19 : 0 ok, 2984 échecs
04:53:13   z19 : 0 ok, 2992 échecs
04:53:17   z19 : 0 ok, 3000 échecs
04:53:20   z19 : 0 ok, 3008 échecs
04:53:23   z19 : 0 ok, 3016 échecs
04:53:26   z19 : 0 ok, 3024 échecs
04:53:29   z19 : 0 ok, 3032 échecs
04:53:32   z19 : 0 ok, 3040 échecs
04:53:36   z19 : 0 ok, 3048 échecs
04:53:39   z19 : 0 ok, 3056 échecs
04:53:42   z19 : 0 ok, 3064 échecs
04:53:45   z19 : 0 ok, 3072 échecs
04:53:48   z19 : 0 ok, 3080 échecs
04:53:52   z19 : 0 ok, 3088 échecs
04:53:55   z19 : 0 ok, 3096 échecs
04:53:58   z19 : 0 ok, 3104 échecs
04:54:02   z19 : 0 ok, 3112 échecs
04:54:04   z19 : 0 ok, 3120 échecs
04:54:07   z19 : 0 ok, 3128 échecs
04:54:10   z19 : 0 ok, 3136 échecs
04:54:14   z19 : 0 ok, 3144 échecs
04:54:17   z19 : 0 ok, 3152 échecs
04:54:20   z19 : 0 ok, 3160 échecs
04:54:23   z19 : 0 ok, 3168 échecs
04:54:26   z19 : 0 ok, 3176 échecs
04:54:29   z19 : 0 ok, 3184 échecs
04:54:32   z19 : 0 ok, 3192 échecs
04:54:35   z19 : 0 ok, 3200 échecs
04:54:38   z19 : 0 ok, 3208 échecs
04:54:41   z19 : 0 ok, 3216 échecs
04:54:44   z19 : 0 ok, 3224 échecs
04:54:48   z19 : 0 ok, 3232 échecs
04:54:51   z19 : 0 ok, 3240 échecs
04:54:54   z19 : 0 ok, 3248 échecs
04:54:58   z19 : 0 ok, 3256 échecs
04:55:01   z19 : 0 ok, 3264 échecs
04:55:04   z19 : 0 ok, 3272 échecs
04:55:07   z19 : 0 ok, 3280 échecs
04:55:10   z19 : 0 ok, 3288 échecs
04:55:13   z19 : 0 ok, 3296 échecs
04:55:16   z19 : 0 ok, 3304 échecs
04:55:19   z19 : 0 ok, 3312 échecs
04:55:22   z19 : 0 ok, 3320 échecs
04:55:25   z19 : 0 ok, 3328 échecs
04:55:28   z19 : 0 ok, 3336 échecs
04:55:31   z19 : 0 ok, 3344 échecs
04:55:34   z19 : 0 ok, 3352 échecs
04:55:37   z19 : 0 ok, 3360 échecs
04:55:40   z19 : 0 ok, 3368 échecs
04:55:43   z19 : 0 ok, 3376 échecs
04:55:46   z19 : 0 ok, 3384 échecs
04:55:50   z19 : 0 ok, 3392 échecs
04:55:53   z19 : 0 ok, 3400 échecs
04:55:56   z19 : 0 ok, 3408 échecs
04:55:59   z19 : 0 ok, 3416 échecs
04:56:02   z19 : 0 ok, 3424 échecs
04:56:05   z19 : 0 ok, 3432 échecs
04:56:08   z19 : 0 ok, 3440 échecs
04:56:12   z19 : 0 ok, 3448 échecs
04:56:15   z19 : 0 ok, 3456 échecs
04:56:18   z19 : 0 ok, 3464 échecs
04:56:23   z19 : 0 ok, 3472 échecs
04:56:26   z19 : 0 ok, 3480 échecs
04:56:29   z19 : 0 ok, 3488 échecs
04:56:32   z19 : 0 ok, 3496 échecs
04:56:35   z19 : 0 ok, 3504 échecs
04:56:38   z19 : 0 ok, 3512 échecs
04:56:41   z19 : 0 ok, 3520 échecs
04:56:44   z19 : 0 ok, 3528 échecs
04:56:48   z19 : 0 ok, 3536 échecs
04:56:51   z19 : 0 ok, 3544 échecs
04:56:55   z19 : 0 ok, 3552 échecs
04:56:57   z19 : 0 ok, 3560 échecs
04:57:00   z19 : 0 ok, 3568 échecs
04:57:03   z19 : 0 ok, 3576 échecs
04:57:06   z19 : 0 ok, 3584 échecs
04:57:10   z19 : 0 ok, 3592 échecs
04:57:13   z19 : 0 ok, 3600 échecs
04:57:16   z19 : 0 ok, 3608 échecs
04:57:19   z19 : 0 ok, 3616 échecs
04:57:23   z19 : 0 ok, 3624 échecs
04:57:27   z19 : 0 ok, 3632 échecs
04:57:30   z19 : 0 ok, 3640 échecs
04:57:33   z19 : 0 ok, 3648 échecs
04:57:36   z19 : 0 ok, 3656 échecs
04:57:39   z19 : 0 ok, 3664 échecs
04:57:42   z19 : 0 ok, 3672 échecs
04:57:45   z19 : 0 ok, 3680 échecs
04:57:48   z19 : 0 ok, 3688 échecs
04:57:51   z19 : 0 ok, 3696 échecs
04:57:54   z19 : 0 ok, 3704 échecs
04:57:58   z19 : 0 ok, 3712 échecs
04:58:01   z19 : 0 ok, 3720 échecs
04:58:04   z19 : 0 ok, 3728 échecs
04:58:07   z19 : 0 ok, 3736 échecs
04:58:10   z19 : 0 ok, 3744 échecs
04:58:13   z19 : 0 ok, 3752 échecs
04:58:16   z19 : 0 ok, 3760 échecs
04:58:19   z19 : 0 ok, 3768 échecs
04:58:22   z19 : 0 ok, 3776 échecs
04:58:25   z19 : 0 ok, 3784 échecs
04:58:28   z19 : 0 ok, 3792 échecs
04:58:31   z19 : 0 ok, 3800 échecs
04:58:34   z19 : 0 ok, 3808 échecs
04:58:38   z19 : 0 ok, 3816 échecs
04:58:41   z19 : 0 ok, 3824 échecs
04:58:44   z19 : 0 ok, 3832 échecs
04:58:47   z19 : 0 ok, 3840 échecs
04:58:50   z19 : 0 ok, 3848 échecs
04:58:53   z19 : 0 ok, 3856 échecs
04:58:56   z19 : 0 ok, 3864 échecs
04:58:59   z19 : 0 ok, 3872 échecs
04:59:02   z19 : 0 ok, 3880 échecs
04:59:06   z19 : 0 ok, 3888 échecs
04:59:09   z19 : 0 ok, 3896 échecs
04:59:15   z19 : 0 ok, 3904 échecs
04:59:19   z19 : 0 ok, 3912 échecs
04:59:22   z19 : 0 ok, 3920 échecs
04:59:25   z19 : 0 ok, 3928 échecs
04:59:28   z19 : 0 ok, 3936 échecs
04:59:31   z19 : 0 ok, 3944 échecs
04:59:34   z19 : 0 ok, 3952 échecs
04:59:37   z19 : 0 ok, 3960 échecs
04:59:40   z19 : 0 ok, 3968 échecs
04:59:43   z19 : 0 ok, 3976 échecs
04:59:46   z19 : 0 ok, 3984 échecs
04:59:49   z19 : 0 ok, 3992 échecs
04:59:53   z19 : 0 ok, 4000 échecs
04:59:56   z19 : 0 ok, 4008 échecs
04:59:59   z19 : 0 ok, 4016 échecs
05:00:02   z19 : 0 ok, 4024 échecs
05:00:05   z19 : 0 ok, 4032 échecs
05:00:08   z19 : 0 ok, 4040 échecs
05:00:11   z19 : 0 ok, 4048 échecs
05:00:15   z19 : 0 ok, 4056 échecs
05:00:19   z19 : 0 ok, 4064 échecs
05:00:22   z19 : 0 ok, 4072 échecs
05:00:26   z19 : 0 ok, 4080 échecs
05:00:29   z19 : 0 ok, 4088 échecs
05:00:33   z19 : 0 ok, 4096 échecs
05:00:36   z19 : 0 ok, 4104 échecs
05:00:40   z19 : 0 ok, 4112 échecs
05:00:43   z19 : 0 ok, 4120 échecs
05:00:46   z19 : 0 ok, 4128 échecs
05:00:49   z19 : 0 ok, 4136 échecs
05:00:52   z19 : 0 ok, 4144 échecs
05:00:55   z19 : 0 ok, 4152 échecs
05:00:58   z19 : 0 ok, 4160 échecs
05:01:03   z19 : 0 ok, 4168 échecs
05:01:07   z19 : 0 ok, 4176 échecs
05:01:10   z19 : 0 ok, 4184 échecs
05:01:13   z19 : 0 ok, 4192 échecs
05:01:16   z19 : 0 ok, 4200 échecs
05:01:20   z19 : 0 ok, 4208 échecs
05:01:23   z19 : 0 ok, 4216 échecs
05:01:27   z19 : 0 ok, 4224 échecs
05:01:31   z19 : 0 ok, 4232 échecs
05:01:34   z19 : 0 ok, 4240 échecs
05:01:37   z19 : 0 ok, 4248 échecs
05:01:40   z19 : 0 ok, 4256 échecs
05:01:43   z19 : 0 ok, 4264 échecs
05:01:46   z19 : 0 ok, 4272 échecs
05:01:49   z19 : 0 ok, 4280 échecs
05:01:52   z19 : 0 ok, 4288 échecs
05:01:56   z19 : 0 ok, 4296 échecs
05:01:59   z19 : 0 ok, 4304 échecs
05:02:02   z19 : 0 ok, 4312 échecs
05:02:05   z19 : 0 ok, 4320 échecs
05:02:08   z19 : 0 ok, 4328 échecs
05:02:12   z19 : 0 ok, 4336 échecs
05:02:15   z19 : 0 ok, 4344 échecs
05:02:18   z19 : 0 ok, 4352 échecs
05:02:21   z19 : 0 ok, 4360 échecs
05:02:26   z19 : 0 ok, 4368 échecs
05:02:29   z19 : 0 ok, 4376 échecs
05:02:32   z19 : 0 ok, 4384 échecs
05:02:35   z19 : 0 ok, 4392 échecs
05:02:38   z19 : 0 ok, 4400 échecs
05:02:41   z19 : 0 ok, 4408 échecs
05:02:44   z19 : 0 ok, 4416 échecs
05:02:47   z19 : 0 ok, 4424 échecs
05:02:51   z19 : 0 ok, 4432 échecs
05:02:54   z19 : 0 ok, 4440 échecs
05:02:57   z19 : 0 ok, 4448 échecs
05:03:00   z19 : 0 ok, 4456 échecs
05:03:04   z19 : 0 ok, 4464 échecs
05:03:07   z19 : 0 ok, 4472 échecs
05:03:11   z19 : 0 ok, 4480 échecs
05:03:14   z19 : 0 ok, 4488 échecs
05:03:17   z19 : 0 ok, 4496 échecs
05:03:20   z19 : 0 ok, 4504 échecs
05:03:23   z19 : 0 ok, 4512 échecs
05:03:27   z19 : 0 ok, 4520 échecs
05:03:30   z19 : 0 ok, 4528 échecs
05:03:34   z19 : 0 ok, 4536 échecs
05:03:37   z19 : 0 ok, 4544 échecs
05:03:39   z19 : 0 ok, 4552 échecs
05:03:43   z19 : 0 ok, 4560 échecs
05:03:46   z19 : 0 ok, 4568 échecs
05:03:49   z19 : 0 ok, 4576 échecs
05:03:53   z19 : 0 ok, 4584 échecs
05:03:56   z19 : 0 ok, 4592 échecs
05:03:59   z19 : 0 ok, 4600 échecs
05:04:02   z19 : 0 ok, 4608 échecs
05:04:06   z19 : 0 ok, 4616 échecs
05:04:08   z19 : 0 ok, 4624 échecs
05:04:11   z19 : 0 ok, 4632 échecs
05:04:15   z19 : 0 ok, 4640 échecs
05:04:19   z19 : 0 ok, 4648 échecs
05:04:22   z19 : 0 ok, 4656 échecs
05:04:25   z19 : 0 ok, 4664 échecs
05:04:29   z19 : 0 ok, 4672 échecs
05:04:32   z19 : 0 ok, 4680 échecs
05:04:35   z19 : 0 ok, 4688 échecs
05:04:39   z19 : 0 ok, 4696 échecs
05:04:42   z19 : 0 ok, 4704 échecs
05:04:46   z19 : 0 ok, 4712 échecs
05:04:49   z19 : 0 ok, 4720 échecs
05:04:53   z19 : 0 ok, 4728 échecs
05:04:57   z19 : 0 ok, 4736 échecs
05:05:00   z19 : 0 ok, 4744 échecs
05:05:03   z19 : 0 ok, 4752 échecs
05:05:06   z19 : 0 ok, 4760 échecs
05:05:10   z19 : 0 ok, 4768 échecs
05:05:13   z19 : 0 ok, 4776 échecs
05:05:16   z19 : 0 ok, 4784 échecs
05:05:19   z19 : 0 ok, 4792 échecs
05:05:23   z19 : 0 ok, 4800 échecs
05:05:26   z19 : 0 ok, 4808 échecs
05:05:29   z19 : 0 ok, 4816 échecs
05:05:33   z19 : 0 ok, 4824 échecs
05:05:37   z19 : 0 ok, 4832 échecs
05:05:41   z19 : 0 ok, 4840 échecs
05:05:44   z19 : 0 ok, 4848 échecs
05:05:47   z19 : 0 ok, 4856 échecs
05:05:51   z19 : 0 ok, 4864 échecs
05:05:54   z19 : 0 ok, 4872 échecs
05:05:57   z19 : 0 ok, 4880 échecs
05:06:00   z19 : 0 ok, 4888 échecs
05:06:03   z19 : 0 ok, 4896 échecs
05:06:07   z19 : 0 ok, 4904 échecs
05:06:10   z19 : 0 ok, 4912 échecs
05:06:13   z19 : 0 ok, 4920 échecs
05:06:17   z19 : 0 ok, 4928 échecs
05:06:20   z19 : 0 ok, 4936 échecs
05:06:23   z19 : 0 ok, 4944 échecs
05:06:27   z19 : 0 ok, 4952 échecs
05:06:30   z19 : 0 ok, 4960 échecs
05:06:34   z19 : 0 ok, 4968 échecs
05:06:37   z19 : 0 ok, 4976 échecs
05:06:40   z19 : 0 ok, 4984 échecs
05:06:43   z19 : 0 ok, 4992 échecs
05:06:48   z19 : 0 ok, 5000 échecs
05:06:52   z19 : 0 ok, 5008 échecs
05:06:55   z19 : 0 ok, 5016 échecs
05:06:58   z19 : 0 ok, 5024 échecs
05:07:01   z19 : 0 ok, 5032 échecs
05:07:04   z19 : 0 ok, 5040 échecs
05:07:07   z19 : 0 ok, 5048 échecs
05:07:11   z19 : 0 ok, 5056 échecs
05:07:14   z19 : 0 ok, 5064 échecs
05:07:17   z19 : 0 ok, 5072 échecs
05:07:20   z19 : 0 ok, 5080 échecs
05:07:23   z19 : 0 ok, 5088 échecs
05:07:26   z19 : 0 ok, 5096 échecs
05:07:31   z19 : 0 ok, 5104 échecs
05:07:34   z19 : 0 ok, 5112 échecs
05:07:39   z19 : 0 ok, 5120 échecs
05:07:42   z19 : 0 ok, 5128 échecs
05:07:45   z19 : 0 ok, 5136 échecs
05:07:48   z19 : 0 ok, 5144 échecs
05:07:52   z19 : 0 ok, 5152 échecs
05:07:55   z19 : 0 ok, 5160 échecs
05:07:59   z19 : 0 ok, 5168 échecs
05:08:02   z19 : 0 ok, 5176 échecs
05:08:05   z19 : 0 ok, 5184 échecs
05:08:08   z19 : 0 ok, 5192 échecs
05:08:11   z19 : 0 ok, 5200 échecs
05:08:15   z19 : 0 ok, 5208 échecs
05:08:18   z19 : 0 ok, 5216 échecs
05:08:22   z19 : 0 ok, 5224 échecs
05:08:25   z19 : 0 ok, 5232 échecs
05:08:28   z19 : 0 ok, 5240 échecs
05:08:31   z19 : 0 ok, 5248 échecs
05:08:34   z19 : 0 ok, 5256 échecs
05:08:37   z19 : 0 ok, 5264 échecs
05:08:41   z19 : 0 ok, 5272 échecs
05:08:44   z19 : 0 ok, 5280 échecs
05:08:47   z19 : 0 ok, 5288 échecs
05:08:50   z19 : 0 ok, 5296 échecs
05:08:53   z19 : 0 ok, 5304 échecs
05:08:58   z19 : 0 ok, 5312 échecs
05:09:02   z19 : 0 ok, 5320 échecs
05:09:05   z19 : 0 ok, 5328 échecs
05:09:08   z19 : 0 ok, 5336 échecs
05:09:11   z19 : 0 ok, 5344 échecs
05:09:15   z19 : 0 ok, 5352 échecs
05:09:18   z19 : 0 ok, 5360 échecs
05:09:21   z19 : 0 ok, 5368 échecs
05:09:24   z19 : 0 ok, 5376 échecs
05:09:28   z19 : 0 ok, 5384 échecs
05:09:31   z19 : 0 ok, 5392 échecs
05:09:34   z19 : 0 ok, 5400 échecs
05:09:37   z19 : 0 ok, 5408 échecs
05:09:41   z19 : 0 ok, 5416 échecs
05:09:44   z19 : 0 ok, 5424 échecs
05:09:47   z19 : 0 ok, 5432 échecs
05:09:51   z19 : 0 ok, 5440 échecs
05:09:53   z19 : 0 ok, 5448 échecs
05:09:57   z19 : 0 ok, 5456 échecs
05:10:00   z19 : 0 ok, 5464 échecs
05:10:03   z19 : 0 ok, 5472 échecs
05:10:06   z19 : 0 ok, 5480 échecs
05:10:09   z19 : 0 ok, 5488 échecs
05:10:12   z19 : 0 ok, 5496 échecs
05:10:16   z19 : 0 ok, 5504 échecs
05:10:20   z19 : 0 ok, 5512 échecs
05:10:23   z19 : 0 ok, 5520 échecs
05:10:26   z19 : 0 ok, 5528 échecs
05:10:29   z19 : 0 ok, 5536 échecs
05:10:32   z19 : 0 ok, 5544 échecs
05:10:36   z19 : 0 ok, 5552 échecs
05:10:39   z19 : 0 ok, 5560 échecs
05:10:42   z19 : 0 ok, 5568 échecs
05:10:46   z19 : 0 ok, 5576 échecs
05:10:49   z19 : 0 ok, 5584 échecs
05:10:52   z19 : 0 ok, 5592 échecs
05:10:55   z19 : 0 ok, 5600 échecs
05:10:58   z19 : 0 ok, 5608 échecs
05:11:01   z19 : 0 ok, 5616 échecs
05:11:05   z19 : 0 ok, 5624 échecs
05:11:08   z19 : 0 ok, 5632 échecs
05:11:11   z19 : 0 ok, 5640 échecs
05:11:14   z19 : 0 ok, 5648 échecs
05:11:17   z19 : 0 ok, 5656 échecs
05:11:20   z19 : 0 ok, 5664 échecs
05:11:24   z19 : 0 ok, 5672 échecs
05:11:28   z19 : 0 ok, 5680 échecs
05:11:31   z19 : 0 ok, 5688 échecs
05:11:34   z19 : 0 ok, 5696 échecs
05:11:37   z19 : 0 ok, 5704 échecs
05:11:40   z19 : 0 ok, 5712 échecs
05:11:43   z19 : 0 ok, 5720 échecs
05:11:46   z19 : 0 ok, 5728 échecs
05:11:50   z19 : 0 ok, 5736 échecs
05:11:53   z19 : 0 ok, 5744 échecs
05:11:56   z19 : 0 ok, 5752 échecs
05:11:59   z19 : 0 ok, 5760 échecs
05:12:03   z19 : 0 ok, 5768 échecs
05:12:06   z19 : 0 ok, 5776 échecs
05:12:09   z19 : 0 ok, 5784 échecs
05:12:12   z19 : 0 ok, 5792 échecs
05:12:16   z19 : 0 ok, 5800 échecs
05:12:19   z19 : 0 ok, 5808 échecs
05:12:22   z19 : 0 ok, 5816 échecs
05:12:25   z19 : 0 ok, 5824 échecs
05:12:28   z19 : 0 ok, 5832 échecs
05:12:31   z19 : 0 ok, 5840 échecs
05:12:35   z19 : 0 ok, 5848 échecs
05:12:38   z19 : 0 ok, 5856 échecs
05:12:41   z19 : 0 ok, 5864 échecs
05:12:44   z19 : 0 ok, 5872 échecs
05:12:47   z19 : 0 ok, 5880 échecs
05:12:50   z19 : 0 ok, 5888 échecs
05:12:53   z19 : 0 ok, 5896 échecs
05:12:56   z19 : 0 ok, 5904 échecs
05:13:00   z19 : 0 ok, 5912 échecs
05:13:03   z19 : 0 ok, 5920 échecs
05:13:07   z19 : 0 ok, 5928 échecs
05:13:10   z19 : 0 ok, 5936 échecs
05:13:13   z19 : 0 ok, 5944 échecs
05:13:16   z19 : 0 ok, 5952 échecs
05:13:19   z19 : 0 ok, 5960 échecs
05:13:23   z19 : 0 ok, 5968 échecs
05:13:26   z19 : 0 ok, 5976 échecs
05:13:30   z19 : 0 ok, 5984 échecs
05:13:33   z19 : 0 ok, 5992 échecs
05:13:36   z19 : 0 ok, 6000 échecs
05:13:40   z19 : 0 ok, 6008 échecs
05:13:43   z19 : 0 ok, 6016 échecs
05:13:47   z19 : 0 ok, 6024 échecs
05:13:50   z19 : 0 ok, 6032 échecs
05:13:53   z19 : 0 ok, 6040 échecs
05:13:56   z19 : 0 ok, 6048 échecs
05:13:59   z19 : 0 ok, 6056 échecs
05:14:03   z19 : 0 ok, 6064 échecs
05:14:06   z19 : 0 ok, 6072 échecs
05:14:09   z19 : 0 ok, 6080 échecs
05:14:12   z19 : 0 ok, 6088 échecs
05:14:15   z19 : 0 ok, 6096 échecs
05:14:19   z19 : 0 ok, 6104 échecs
05:14:22   z19 : 0 ok, 6112 échecs
05:14:25   z19 : 0 ok, 6120 échecs
05:14:28   z19 : 0 ok, 6128 échecs
05:14:31   z19 : 0 ok, 6136 échecs
05:14:34   z19 : 0 ok, 6144 échecs
05:14:38   z19 : 0 ok, 6152 échecs
05:14:41   z19 : 0 ok, 6160 échecs
05:14:44   z19 : 0 ok, 6168 échecs
05:14:48   z19 : 0 ok, 6176 échecs
05:14:51   z19 : 0 ok, 6184 échecs
05:14:54   z19 : 0 ok, 6192 échecs
05:14:58   z19 : 0 ok, 6200 échecs
05:15:01   z19 : 0 ok, 6208 échecs
05:15:04   z19 : 0 ok, 6216 échecs
05:15:07   z19 : 0 ok, 6224 échecs
05:15:11   z19 : 0 ok, 6232 échecs
05:15:14   z19 : 0 ok, 6240 échecs
05:15:17   z19 : 0 ok, 6248 échecs
05:15:20   z19 : 0 ok, 6256 échecs
05:15:23   z19 : 0 ok, 6264 échecs
05:15:26   z19 : 0 ok, 6272 échecs
05:15:29   z19 : 0 ok, 6280 échecs
05:15:32   z19 : 0 ok, 6288 échecs
05:15:35   z19 : 0 ok, 6296 échecs
05:15:39   z19 : 0 ok, 6304 échecs
05:15:42   z19 : 0 ok, 6312 échecs
05:15:45   z19 : 0 ok, 6320 échecs
05:15:48   z19 : 0 ok, 6328 échecs
05:15:51   z19 : 0 ok, 6336 échecs
05:15:54   z19 : 0 ok, 6344 échecs
05:15:57   z19 : 0 ok, 6352 échecs
05:16:00   z19 : 0 ok, 6360 échecs
05:16:03   z19 : 0 ok, 6368 échecs
05:16:06   z19 : 0 ok, 6376 échecs
05:16:10   z19 : 0 ok, 6384 échecs
05:16:13   z19 : 0 ok, 6392 échecs
05:16:16   z19 : 0 ok, 6400 échecs
05:16:19   z19 : 0 ok, 6408 échecs
05:16:22   z19 : 0 ok, 6416 échecs
05:16:25   z19 : 0 ok, 6424 échecs
05:16:28   z19 : 0 ok, 6432 échecs
05:16:31   z19 : 0 ok, 6440 échecs
05:16:34   z19 : 0 ok, 6448 échecs
05:16:37   z19 : 0 ok, 6456 échecs
05:16:40   z19 : 0 ok, 6464 échecs
05:16:43   z19 : 0 ok, 6472 échecs
05:16:46   z19 : 0 ok, 6480 échecs
05:16:49   z19 : 0 ok, 6488 échecs
05:16:52   z19 : 0 ok, 6496 échecs
05:16:55   z19 : 0 ok, 6504 échecs
05:16:59   z19 : 0 ok, 6512 échecs
05:17:02   z19 : 0 ok, 6520 échecs
05:17:05   z19 : 0 ok, 6528 échecs
05:17:08   z19 : 0 ok, 6536 échecs
05:17:11   z19 : 0 ok, 6544 échecs
05:17:14   z19 : 0 ok, 6552 échecs
05:17:17   z19 : 0 ok, 6560 échecs
05:17:20   z19 : 0 ok, 6568 échecs
05:17:23   z19 : 0 ok, 6576 échecs
05:17:26   z19 : 0 ok, 6584 échecs
05:17:29   z19 : 0 ok, 6592 échecs
05:17:32   z19 : 0 ok, 6600 échecs
05:17:35   z19 : 0 ok, 6608 échecs
05:17:39   z19 : 0 ok, 6616 échecs
05:17:43   z19 : 0 ok, 6624 échecs
05:17:46   z19 : 0 ok, 6632 échecs
05:17:49   z19 : 0 ok, 6640 échecs
05:17:52   z19 : 0 ok, 6648 échecs
05:17:55   z19 : 0 ok, 6656 échecs
05:17:58   z19 : 0 ok, 6664 échecs
05:18:01   z19 : 0 ok, 6672 échecs
05:18:04   z19 : 0 ok, 6680 échecs
05:18:07   z19 : 0 ok, 6688 échecs
05:18:09   z19 : 0 ok, 6696 échecs
05:18:13   z19 : 0 ok, 6704 échecs
05:18:16   z19 : 0 ok, 6712 échecs
05:18:19   z19 : 0 ok, 6720 échecs
05:18:22   z19 : 0 ok, 6728 échecs
05:18:25   z19 : 0 ok, 6736 échecs
05:18:28   z19 : 0 ok, 6744 échecs
05:18:31   z19 : 0 ok, 6752 échecs
05:18:34   z19 : 0 ok, 6760 échecs
05:18:37   z19 : 0 ok, 6768 échecs
05:18:40   z19 : 0 ok, 6776 échecs
05:18:43   z19 : 0 ok, 6784 échecs
05:18:46   z19 : 0 ok, 6792 échecs
05:18:49   z19 : 0 ok, 6800 échecs
05:18:52   z19 : 0 ok, 6808 échecs
05:18:55   z19 : 0 ok, 6816 échecs
05:18:58   z19 : 0 ok, 6824 échecs
05:19:01   z19 : 0 ok, 6832 échecs
05:19:04   z19 : 0 ok, 6840 échecs
05:19:07   z19 : 0 ok, 6848 échecs
05:19:10   z19 : 0 ok, 6856 échecs
05:19:14   z19 : 0 ok, 6864 échecs
05:19:17   z19 : 0 ok, 6872 échecs
05:19:20   z19 : 0 ok, 6880 échecs
05:19:23   z19 : 0 ok, 6888 échecs
05:19:26   z19 : 0 ok, 6896 échecs
05:19:29   z19 : 0 ok, 6904 échecs
05:19:33   z19 : 0 ok, 6912 échecs
05:19:37   z19 : 0 ok, 6920 échecs
05:19:41   z19 : 0 ok, 6928 échecs
05:19:44   z19 : 0 ok, 6936 échecs
05:19:47   z19 : 0 ok, 6944 échecs
05:19:50   z19 : 0 ok, 6952 échecs
05:19:54   z19 : 0 ok, 6960 échecs
05:19:57   z19 : 0 ok, 6968 échecs
05:20:00   z19 : 0 ok, 6976 échecs
05:20:03   z19 : 0 ok, 6984 échecs
05:20:06   z19 : 0 ok, 6992 échecs
05:20:09   z19 : 0 ok, 7000 échecs
05:20:14   z19 : 0 ok, 7008 échecs
05:20:17   z19 : 0 ok, 7016 échecs
05:20:20   z19 : 0 ok, 7024 échecs
05:20:23   z19 : 0 ok, 7032 échecs
05:20:26   z19 : 0 ok, 7040 échecs
05:20:30   z19 : 0 ok, 7048 échecs
05:20:35   z19 : 0 ok, 7056 échecs
05:20:38   z19 : 0 ok, 7064 échecs
05:20:41   z19 : 0 ok, 7072 échecs
05:20:43   z19 : 0 ok, 7080 échecs
05:20:46   z19 : 0 ok, 7088 échecs
05:20:49   z19 : 0 ok, 7096 échecs
05:20:53   z19 : 0 ok, 7104 échecs
05:20:56   z19 : 0 ok, 7112 échecs
05:20:59   z19 : 0 ok, 7120 échecs
05:21:02   z19 : 0 ok, 7128 échecs
05:21:05   z19 : 0 ok, 7136 échecs
05:21:08   z19 : 0 ok, 7144 échecs
05:21:11   z19 : 0 ok, 7152 échecs
05:21:14   z19 : 0 ok, 7160 échecs
05:21:17   z19 : 0 ok, 7168 échecs
05:21:20   z19 : 0 ok, 7176 échecs
05:21:24   z19 : 0 ok, 7184 échecs
05:21:27   z19 : 0 ok, 7192 échecs
05:21:31   z19 : 0 ok, 7200 échecs
05:21:35   z19 : 0 ok, 7208 échecs
05:21:38   z19 : 0 ok, 7216 échecs
05:21:40   z19 : 0 ok, 7224 échecs
05:21:44   z19 : 0 ok, 7232 échecs
05:21:47   z19 : 0 ok, 7240 échecs
05:21:50   z19 : 0 ok, 7248 échecs
05:21:53   z19 : 0 ok, 7256 échecs
05:21:56   z19 : 0 ok, 7264 échecs
05:21:59   z19 : 0 ok, 7272 échecs
05:22:03   z19 : 0 ok, 7280 échecs
05:22:07   z19 : 0 ok, 7288 échecs
05:22:10   z19 : 0 ok, 7296 échecs
05:22:13   z19 : 0 ok, 7304 échecs
05:22:17   z19 : 0 ok, 7312 échecs
05:22:20   z19 : 0 ok, 7320 échecs
05:22:23   z19 : 0 ok, 7328 échecs
05:22:29   z19 : 0 ok, 7336 échecs
05:22:32   z19 : 0 ok, 7344 échecs
05:22:35   z19 : 0 ok, 7352 échecs
05:22:38   z19 : 0 ok, 7360 échecs
05:22:41   z19 : 0 ok, 7368 échecs
05:22:43   z19 : 0 ok, 7376 échecs
05:22:46   z19 : 0 ok, 7384 échecs
05:22:49   z19 : 0 ok, 7392 échecs
05:22:53   z19 : 0 ok, 7400 échecs
05:22:56   z19 : 0 ok, 7408 échecs
05:22:59   z19 : 0 ok, 7416 échecs
05:23:02   z19 : 0 ok, 7424 échecs
05:23:05   z19 : 0 ok, 7432 échecs
05:23:08   z19 : 0 ok, 7440 échecs
05:23:11   z19 : 0 ok, 7448 échecs
05:23:14   z19 : 0 ok, 7456 échecs
05:23:17   z19 : 0 ok, 7464 échecs
05:23:20   z19 : 0 ok, 7472 échecs
05:23:23   z19 : 0 ok, 7480 échecs
05:23:27   z19 : 0 ok, 7488 échecs
05:23:30   z19 : 0 ok, 7496 échecs
05:23:33   z19 : 0 ok, 7504 échecs
05:23:36   z19 : 0 ok, 7512 échecs
05:23:39   z19 : 0 ok, 7520 échecs
05:23:42   z19 : 0 ok, 7528 échecs
05:23:45   z19 : 0 ok, 7536 échecs
05:23:50   z19 : 0 ok, 7544 échecs
05:23:53   z19 : 0 ok, 7552 échecs
05:23:56   z19 : 0 ok, 7560 échecs
05:23:59   z19 : 0 ok, 7568 échecs
05:24:02   z19 : 0 ok, 7576 échecs
05:24:05   z19 : 0 ok, 7584 échecs
05:24:08   z19 : 0 ok, 7592 échecs
05:24:11   z19 : 0 ok, 7600 échecs
05:24:14   z19 : 0 ok, 7608 échecs
05:24:17   z19 : 0 ok, 7616 échecs
05:24:21   z19 : 0 ok, 7624 échecs
05:24:24   z19 : 0 ok, 7632 échecs
05:24:27   z19 : 0 ok, 7640 échecs
05:24:30   z19 : 0 ok, 7648 échecs
05:24:33   z19 : 0 ok, 7656 échecs
05:24:35   z19 : 0 ok, 7664 échecs
05:24:38   z19 : 0 ok, 7672 échecs
05:24:39 [orthophoto z19] 11048 tuiles à télécharger
05:24:41   z19 : 0 ok, 7680 échecs
05:24:43   z19 : 0 ok, 8 échecs
05:24:45   z19 : 0 ok, 7688 échecs
05:24:46   z19 : 0 ok, 16 échecs
05:24:47   z19 : 0 ok, 7696 échecs
05:24:49   z19 : 0 ok, 24 échecs
05:24:50   z19 : 0 ok, 7704 échecs
05:24:52   z19 : 0 ok, 32 échecs
05:24:53   z19 : 0 ok, 7712 échecs
05:24:55   z19 : 0 ok, 40 échecs
05:24:57   z19 : 0 ok, 7720 échecs
05:24:59   z19 : 0 ok, 48 échecs
05:25:00   z19 : 0 ok, 7728 échecs
05:25:02   z19 : 0 ok, 7736 échecs
05:25:03   z19 : 0 ok, 56 échecs
05:25:05   z19 : 0 ok, 7744 échecs
05:25:07   z19 : 0 ok, 64 échecs
05:25:08   z19 : 0 ok, 7752 échecs
05:25:10   z19 : 0 ok, 72 échecs
05:25:12   z19 : 0 ok, 7760 échecs
05:25:13   z19 : 0 ok, 80 échecs
05:25:15   z19 : 0 ok, 7768 échecs
05:25:16   z19 : 0 ok, 88 échecs
05:25:18   z19 : 0 ok, 7776 échecs
05:25:20   z19 : 0 ok, 96 échecs
05:25:21   z19 : 0 ok, 7784 échecs
05:25:23   z19 : 0 ok, 104 échecs
05:25:24   z19 : 0 ok, 7792 échecs
05:25:27   z19 : 0 ok, 112 échecs
05:25:27   z19 : 0 ok, 7800 échecs
05:25:30   z19 : 0 ok, 7808 échecs
05:25:32   z19 : 0 ok, 120 échecs
05:25:33   z19 : 0 ok, 7816 échecs
05:25:36   z19 : 0 ok, 128 échecs
05:25:38   z19 : 0 ok, 7824 échecs
05:25:39   z19 : 0 ok, 136 échecs
05:25:41   z19 : 0 ok, 7832 échecs
05:25:42   z19 : 0 ok, 144 échecs
05:25:44   z19 : 0 ok, 7840 échecs
05:25:45   z19 : 0 ok, 152 échecs
05:25:47   z19 : 0 ok, 7848 échecs
05:25:48   z19 : 0 ok, 160 échecs
05:25:50   z19 : 0 ok, 7856 échecs
05:25:53   z19 : 0 ok, 168 échecs
05:25:53   z19 : 0 ok, 7864 échecs
05:25:56   z19 : 0 ok, 176 échecs
05:25:56   z19 : 0 ok, 7872 échecs
05:25:59   z19 : 0 ok, 184 échecs
05:25:59   z19 : 0 ok, 7880 échecs
05:26:02   z19 : 0 ok, 192 échecs
05:26:05   z19 : 0 ok, 7888 échecs
05:26:05   z19 : 0 ok, 200 échecs
05:26:08   z19 : 0 ok, 7896 échecs
05:26:08   z19 : 0 ok, 208 échecs
05:26:11   z19 : 0 ok, 7904 échecs
05:26:12   z19 : 0 ok, 216 échecs
05:26:13   z19 : 0 ok, 7912 échecs
05:26:15   z19 : 0 ok, 224 échecs
05:26:16   z19 : 0 ok, 7920 échecs
05:26:18   z19 : 0 ok, 232 échecs
05:26:19   z19 : 0 ok, 7928 échecs
05:26:21   z19 : 0 ok, 240 échecs
05:26:23   z19 : 0 ok, 7936 échecs
05:26:24   z19 : 0 ok, 248 échecs
05:26:26   z19 : 0 ok, 7944 échecs
05:26:27   z19 : 0 ok, 256 échecs
05:26:29   z19 : 0 ok, 7952 échecs
05:26:31   z19 : 0 ok, 264 échecs
05:26:32   z19 : 0 ok, 7960 échecs
05:26:34   z19 : 0 ok, 272 échecs
05:26:36   z19 : 0 ok, 7968 échecs
05:26:37   z19 : 0 ok, 280 échecs
05:26:39   z19 : 0 ok, 7976 échecs
05:26:40   z19 : 0 ok, 288 échecs
05:26:43   z19 : 0 ok, 7984 échecs
05:26:43   z19 : 0 ok, 296 échecs
05:26:46   z19 : 0 ok, 304 échecs
05:26:47   z19 : 0 ok, 7992 échecs
05:26:49   z19 : 0 ok, 312 échecs
05:26:51   z19 : 0 ok, 8000 échecs
05:26:52   z19 : 0 ok, 320 échecs
05:26:54   z19 : 0 ok, 8008 échecs
05:26:55   z19 : 0 ok, 328 échecs
05:26:56   z19 : 0 ok, 8016 échecs
05:26:58   z19 : 0 ok, 336 échecs
05:27:00   z19 : 0 ok, 8024 échecs
05:27:01   z19 : 0 ok, 344 échecs
05:27:03   z19 : 0 ok, 8032 échecs
05:27:04   z19 : 0 ok, 352 échecs
05:27:06   z19 : 0 ok, 8040 échecs
05:27:07   z19 : 0 ok, 360 échecs
05:27:09   z19 : 0 ok, 8048 échecs
05:27:10   z19 : 0 ok, 368 échecs
05:27:12   z19 : 0 ok, 8056 échecs
05:27:13   z19 : 0 ok, 376 échecs
05:27:16   z19 : 0 ok, 8064 échecs
05:27:16   z19 : 0 ok, 384 échecs
05:27:19   z19 : 0 ok, 8072 échecs
05:27:20   z19 : 0 ok, 392 échecs
05:27:22   z19 : 0 ok, 8080 échecs
05:27:23   z19 : 0 ok, 400 échecs
05:27:25   z19 : 0 ok, 8088 échecs
05:27:27   z19 : 0 ok, 408 échecs
05:27:28   z19 : 0 ok, 8096 échecs
05:27:30   z19 : 0 ok, 416 échecs
05:27:32   z19 : 0 ok, 8104 échecs
05:27:34   z19 : 0 ok, 424 échecs
05:27:36   z19 : 0 ok, 8112 échecs
05:27:38   z19 : 0 ok, 432 échecs
05:27:39   z19 : 0 ok, 8120 échecs
05:27:41   z19 : 0 ok, 440 échecs
05:27:42   z19 : 0 ok, 8128 échecs
05:27:44   z19 : 0 ok, 8136 échecs
05:27:45   z19 : 0 ok, 448 échecs
05:27:48   z19 : 0 ok, 456 échecs
05:27:49   z19 : 0 ok, 8144 échecs
05:27:52   z19 : 0 ok, 464 échecs
05:27:52   z19 : 0 ok, 8152 échecs
05:27:55   z19 : 0 ok, 8160 échecs
05:27:56   z19 : 0 ok, 472 échecs
05:27:58   z19 : 0 ok, 8168 échecs
05:27:59   z19 : 0 ok, 480 échecs
05:28:01   z19 : 0 ok, 8176 échecs
05:28:04   z19 : 0 ok, 488 échecs
05:28:04   z19 : 0 ok, 8184 échecs
05:28:07   z19 : 0 ok, 496 échecs
05:28:07   z19 : 0 ok, 8192 échecs
05:28:10   z19 : 0 ok, 504 échecs
05:28:10   z19 : 0 ok, 8200 échecs
05:28:13   z19 : 0 ok, 512 échecs
05:28:14   z19 : 0 ok, 8208 échecs
05:28:17   z19 : 0 ok, 520 échecs
05:28:17   z19 : 0 ok, 8216 échecs
05:28:20   z19 : 0 ok, 528 échecs
05:28:21   z19 : 0 ok, 8224 échecs
05:28:23   z19 : 0 ok, 536 échecs
05:28:24   z19 : 0 ok, 8232 échecs
05:28:26   z19 : 0 ok, 544 échecs
05:28:29   z19 : 0 ok, 8240 échecs
05:28:30   z19 : 0 ok, 552 échecs
05:28:32   z19 : 0 ok, 8248 échecs
05:28:33   z19 : 0 ok, 560 échecs
05:28:35   z19 : 0 ok, 8256 échecs
05:28:38   z19 : 0 ok, 568 échecs
05:28:38   z19 : 0 ok, 8264 échecs
05:28:41   z19 : 0 ok, 8272 échecs
05:28:42   z19 : 0 ok, 576 échecs
05:28:44   z19 : 0 ok, 8280 échecs
05:28:46   z19 : 0 ok, 584 échecs
05:28:47   z19 : 0 ok, 8288 échecs
05:28:49   z19 : 0 ok, 592 échecs
05:28:51   z19 : 0 ok, 8296 échecs
05:28:52   z19 : 0 ok, 600 échecs
05:28:54   z19 : 0 ok, 8304 échecs
05:28:55   z19 : 0 ok, 608 échecs
05:28:57   z19 : 0 ok, 8312 échecs
05:28:58   z19 : 0 ok, 616 échecs
05:29:00   z19 : 0 ok, 8320 échecs
05:29:02   z19 : 0 ok, 624 échecs
05:29:03   z19 : 0 ok, 8328 échecs
05:29:05   z19 : 0 ok, 632 échecs
05:29:06   z19 : 0 ok, 8336 échecs
05:29:08   z19 : 0 ok, 640 échecs
05:29:08   z19 : 0 ok, 8344 échecs
05:29:11   z19 : 0 ok, 8352 échecs
05:29:11   z19 : 0 ok, 648 échecs
05:29:14   z19 : 0 ok, 656 échecs
05:29:15   z19 : 0 ok, 8360 échecs
05:29:18   z19 : 0 ok, 8368 échecs
05:29:18   z19 : 0 ok, 664 échecs
05:29:21   z19 : 0 ok, 8376 échecs
05:29:21   z19 : 0 ok, 672 échecs
05:29:24   z19 : 0 ok, 680 échecs
05:29:24   z19 : 0 ok, 8384 échecs
05:29:27   z19 : 0 ok, 688 échecs
05:29:27   z19 : 0 ok, 8392 échecs
05:29:30   z19 : 0 ok, 696 échecs
05:29:30   z19 : 0 ok, 8400 échecs
05:29:33   z19 : 0 ok, 704 échecs
05:29:33   z19 : 0 ok, 8408 échecs
05:29:36   z19 : 0 ok, 712 échecs
05:29:36   z19 : 0 ok, 8416 échecs
05:29:39   z19 : 0 ok, 720 échecs
05:29:40   z19 : 0 ok, 8424 échecs
05:29:42   z19 : 0 ok, 728 échecs
05:29:43   z19 : 0 ok, 8432 échecs
05:29:45   z19 : 0 ok, 736 échecs
05:29:47   z19 : 0 ok, 8440 échecs
05:29:49   z19 : 0 ok, 744 échecs
05:29:50   z19 : 0 ok, 8448 échecs
05:29:53   z19 : 0 ok, 752 échecs
05:29:53   z19 : 0 ok, 8456 échecs
05:29:57   z19 : 0 ok, 760 échecs
05:29:57   z19 : 0 ok, 8464 échecs
05:30:00   z19 : 0 ok, 768 échecs
05:30:01   z19 : 0 ok, 8472 échecs
05:30:03   z19 : 0 ok, 776 échecs
05:30:04   z19 : 0 ok, 8480 échecs
05:30:06   z19 : 0 ok, 784 échecs
05:30:07   z19 : 0 ok, 8488 échecs
05:30:10   z19 : 0 ok, 792 échecs
05:30:10   z19 : 0 ok, 8496 échecs
05:30:13   z19 : 0 ok, 800 échecs
05:30:14   z19 : 0 ok, 8504 échecs
05:30:16   z19 : 0 ok, 808 échecs
05:30:17   z19 : 0 ok, 8512 échecs
05:30:19   z19 : 0 ok, 816 échecs
05:30:21   z19 : 0 ok, 8520 échecs
05:30:23   z19 : 0 ok, 824 échecs
05:30:25   z19 : 0 ok, 8528 échecs
05:30:26   z19 : 0 ok, 832 échecs
05:30:28   z19 : 0 ok, 8536 échecs
05:30:29   z19 : 0 ok, 840 échecs
05:30:32   z19 : 0 ok, 8544 échecs
05:30:32   z19 : 0 ok, 848 échecs
05:30:35   z19 : 0 ok, 8552 échecs
05:30:35   z19 : 0 ok, 856 échecs
05:30:38   z19 : 0 ok, 8560 échecs
05:30:38   z19 : 0 ok, 864 échecs
05:30:41   z19 : 0 ok, 8568 échecs
05:30:41   z19 : 0 ok, 872 échecs
05:30:44   z19 : 0 ok, 8576 échecs
05:30:45   z19 : 0 ok, 880 échecs
05:30:47   z19 : 0 ok, 8584 échecs
05:30:48   z19 : 0 ok, 888 échecs
05:30:50   z19 : 0 ok, 8592 échecs
05:30:51   z19 : 0 ok, 896 échecs
05:30:53   z19 : 0 ok, 8600 échecs
05:30:54   z19 : 0 ok, 904 échecs
05:30:56   z19 : 0 ok, 8608 échecs
05:30:58   z19 : 0 ok, 912 échecs
05:30:59   z19 : 0 ok, 8616 échecs
05:31:01   z19 : 0 ok, 920 échecs
05:31:02   z19 : 0 ok, 8624 échecs
05:31:04   z19 : 0 ok, 928 échecs
05:31:05   z19 : 0 ok, 8632 échecs
05:31:07   z19 : 0 ok, 936 échecs
05:31:10   z19 : 0 ok, 8640 échecs
05:31:10   z19 : 0 ok, 944 échecs
05:31:13   z19 : 0 ok, 952 échecs
05:31:14   z19 : 0 ok, 8648 échecs
05:31:16   z19 : 0 ok, 960 échecs
05:31:17   z19 : 0 ok, 8656 échecs
05:31:20   z19 : 0 ok, 968 échecs
05:31:20   z19 : 0 ok, 8664 échecs
05:31:23   z19 : 0 ok, 976 échecs
05:31:23   z19 : 0 ok, 8672 échecs
05:31:26   z19 : 0 ok, 984 échecs
05:31:26   z19 : 0 ok, 8680 échecs
05:31:29   z19 : 0 ok, 992 échecs
05:31:29   z19 : 0 ok, 8688 échecs
05:31:32   z19 : 0 ok, 1000 échecs
05:31:33   z19 : 0 ok, 8696 échecs
05:31:35   z19 : 0 ok, 1008 échecs
05:31:36   z19 : 0 ok, 8704 échecs
05:31:38   z19 : 0 ok, 1016 échecs
05:31:39   z19 : 0 ok, 8712 échecs
05:31:41   z19 : 0 ok, 1024 échecs
05:31:43   z19 : 0 ok, 8720 échecs
05:31:44   z19 : 0 ok, 1032 échecs
05:31:46   z19 : 0 ok, 8728 échecs
05:31:47   z19 : 0 ok, 1040 échecs
05:31:49   z19 : 0 ok, 8736 échecs
05:31:50   z19 : 0 ok, 1048 échecs
05:31:53   z19 : 0 ok, 8744 échecs
05:31:55   z19 : 0 ok, 1056 échecs
05:31:57   z19 : 0 ok, 8752 échecs
05:31:58   z19 : 0 ok, 1064 échecs
05:32:00   z19 : 0 ok, 8760 échecs
05:32:01   z19 : 0 ok, 1072 échecs
05:32:03   z19 : 0 ok, 8768 échecs
05:32:04   z19 : 0 ok, 1080 échecs
05:32:06   z19 : 0 ok, 8776 échecs
05:32:07   z19 : 0 ok, 1088 échecs
05:32:09   z19 : 0 ok, 8784 échecs
05:32:10   z19 : 0 ok, 1096 échecs
05:32:13   z19 : 0 ok, 8792 échecs
05:32:13   z19 : 0 ok, 1104 échecs
05:32:16   z19 : 0 ok, 8800 échecs
05:32:16   z19 : 0 ok, 1112 échecs
05:32:19   z19 : 0 ok, 8808 échecs
05:32:20   z19 : 0 ok, 1120 échecs
05:32:23   z19 : 0 ok, 1128 échecs
05:32:23   z19 : 0 ok, 8816 échecs
05:32:26   z19 : 0 ok, 1136 échecs
05:32:26   z19 : 0 ok, 8824 échecs
05:32:29   z19 : 0 ok, 8832 échecs
05:32:29   z19 : 0 ok, 1144 échecs
05:32:32   z19 : 0 ok, 8840 échecs
05:32:32   z19 : 0 ok, 1152 échecs
05:32:36   z19 : 0 ok, 8848 échecs
05:32:36   z19 : 0 ok, 1160 échecs
05:32:39   z19 : 0 ok, 8856 échecs
05:32:41   z19 : 0 ok, 1168 échecs
05:32:41   z19 : 0 ok, 8864 échecs
05:32:44   z19 : 0 ok, 1176 échecs
05:32:45   z19 : 0 ok, 8872 échecs
05:32:47   z19 : 0 ok, 1184 échecs
05:32:49   z19 : 0 ok, 8880 échecs
05:32:51   z19 : 0 ok, 1192 échecs
05:32:52   z19 : 0 ok, 8888 échecs
05:32:54   z19 : 0 ok, 1200 échecs
05:32:55   z19 : 0 ok, 8896 échecs
05:32:57   z19 : 0 ok, 1208 échecs
05:32:58   z19 : 0 ok, 8904 échecs
05:33:00   z19 : 0 ok, 1216 échecs
05:33:02   z19 : 0 ok, 8912 échecs
05:33:03   z19 : 0 ok, 1224 échecs
05:33:05   z19 : 0 ok, 8920 échecs
05:33:07   z19 : 0 ok, 1232 échecs
05:33:08   z19 : 0 ok, 8928 échecs
05:33:10   z19 : 0 ok, 1240 échecs
05:33:11   z19 : 0 ok, 8936 échecs
05:33:13   z19 : 0 ok, 1248 échecs
05:33:14   z19 : 0 ok, 8944 échecs
05:33:17   z19 : 0 ok, 8952 échecs
05:33:18   z19 : 0 ok, 1256 échecs
05:33:20   z19 : 0 ok, 8960 échecs
05:33:22   z19 : 0 ok, 1264 échecs
05:33:23   z19 : 0 ok, 8968 échecs
05:33:25   z19 : 0 ok, 1272 échecs
05:33:27   z19 : 0 ok, 8976 échecs
05:33:29   z19 : 0 ok, 1280 échecs
05:33:30   z19 : 0 ok, 8984 échecs
05:33:32   z19 : 0 ok, 1288 échecs
05:33:34   z19 : 0 ok, 8992 échecs
05:33:35   z19 : 0 ok, 1296 échecs
05:33:37   z19 : 0 ok, 9000 échecs
05:33:38   z19 : 0 ok, 1304 échecs
05:33:40   z19 : 0 ok, 9008 échecs
05:33:41   z19 : 0 ok, 1312 échecs
05:33:43   z19 : 0 ok, 9016 échecs
05:33:45   z19 : 0 ok, 1320 échecs
05:33:46   z19 : 0 ok, 9024 échecs
05:33:48   z19 : 0 ok, 1328 échecs
05:33:50   z19 : 0 ok, 9032 échecs
05:33:51   z19 : 0 ok, 1336 échecs
05:33:53   z19 : 0 ok, 9040 échecs
05:33:54   z19 : 0 ok, 1344 échecs
05:33:56   z19 : 0 ok, 9048 échecs
05:33:57   z19 : 0 ok, 1352 échecs
05:33:59   z19 : 0 ok, 9056 échecs
05:34:01   z19 : 0 ok, 1360 échecs
05:34:02   z19 : 0 ok, 9064 échecs
05:34:05   z19 : 0 ok, 1368 échecs
05:34:06   z19 : 0 ok, 9072 échecs
05:34:08   z19 : 0 ok, 1376 échecs
05:34:09   z19 : 0 ok, 9080 échecs
05:34:11   z19 : 0 ok, 1384 échecs
05:34:13   z19 : 0 ok, 9088 échecs
05:34:14   z19 : 0 ok, 1392 échecs
05:34:16   z19 : 0 ok, 9096 échecs
05:34:17   z19 : 0 ok, 1400 échecs
05:34:19   z19 : 0 ok, 9104 échecs
05:34:20   z19 : 0 ok, 1408 échecs
05:34:22   z19 : 0 ok, 9112 échecs
05:34:23   z19 : 0 ok, 1416 échecs
05:34:25   z19 : 0 ok, 9120 échecs
05:34:27   z19 : 0 ok, 1424 échecs
05:34:28   z19 : 0 ok, 9128 échecs
05:34:31   z19 : 0 ok, 1432 échecs
05:34:31   z19 : 0 ok, 9136 échecs
05:34:34   z19 : 0 ok, 1440 échecs
05:34:34   z19 : 0 ok, 9144 échecs
05:34:37   z19 : 0 ok, 1448 échecs
05:34:37   z19 : 0 ok, 9152 échecs
05:34:40   z19 : 0 ok, 1456 échecs
05:34:40   z19 : 0 ok, 9160 échecs
05:34:43   z19 : 0 ok, 1464 échecs
05:34:43   z19 : 0 ok, 9168 échecs
05:34:46   z19 : 0 ok, 1472 échecs
05:34:46   z19 : 0 ok, 9176 échecs
05:34:49   z19 : 0 ok, 1480 échecs
05:34:50   z19 : 0 ok, 9184 échecs
05:34:53   z19 : 0 ok, 9192 échecs
05:34:53   z19 : 0 ok, 1488 échecs
05:34:56   z19 : 0 ok, 1496 échecs
05:34:56   z19 : 0 ok, 9200 échecs
05:35:00   z19 : 0 ok, 9208 échecs
05:35:00   z19 : 0 ok, 1504 échecs
05:35:03   z19 : 0 ok, 9216 échecs
05:35:03   z19 : 0 ok, 1512 échecs
05:35:06   z19 : 0 ok, 9224 échecs
05:35:06   z19 : 0 ok, 1520 échecs
05:35:09   z19 : 0 ok, 9232 échecs
05:35:09   z19 : 0 ok, 1528 échecs
05:35:12   z19 : 0 ok, 1536 échecs
05:35:12   z19 : 0 ok, 9240 échecs
05:35:15   z19 : 0 ok, 1544 échecs
05:35:17   z19 : 0 ok, 9248 échecs
05:35:18   z19 : 0 ok, 1552 échecs
05:35:21   z19 : 0 ok, 9256 échecs
05:35:22   z19 : 0 ok, 1560 échecs
05:35:24   z19 : 0 ok, 9264 échecs
05:35:25   z19 : 0 ok, 1568 échecs
05:35:27   z19 : 0 ok, 9272 échecs
05:35:28   z19 : 0 ok, 1576 échecs
05:35:30   z19 : 0 ok, 9280 échecs
05:35:31   z19 : 0 ok, 1584 échecs
05:35:33   z19 : 0 ok, 9288 échecs
05:35:34   z19 : 0 ok, 1592 échecs
05:35:36   z19 : 0 ok, 9296 échecs
05:35:39   z19 : 0 ok, 1600 échecs
05:35:39   z19 : 0 ok, 9304 échecs
05:35:42   z19 : 0 ok, 1608 échecs
05:35:42   z19 : 0 ok, 9312 échecs
05:35:45   z19 : 0 ok, 1616 échecs
05:35:46   z19 : 0 ok, 9320 échecs
05:35:48   z19 : 0 ok, 1624 échecs
05:35:50   z19 : 0 ok, 9328 échecs
05:35:51   z19 : 0 ok, 1632 échecs
05:35:53   z19 : 0 ok, 9336 échecs
05:35:54   z19 : 0 ok, 1640 échecs
05:35:56   z19 : 0 ok, 9344 échecs
05:35:57   z19 : 0 ok, 1648 échecs
05:35:59   z19 : 0 ok, 9352 échecs
05:36:01   z19 : 0 ok, 1656 échecs
05:36:02   z19 : 0 ok, 9360 échecs
05:36:05   z19 : 0 ok, 9368 échecs
05:36:05   z19 : 0 ok, 1664 échecs
05:36:08   z19 : 0 ok, 9376 échecs
05:36:08   z19 : 0 ok, 1672 échecs
05:36:11   z19 : 0 ok, 1680 échecs
05:36:12   z19 : 0 ok, 9384 échecs
05:36:16   z19 : 0 ok, 9392 échecs
05:36:16   z19 : 0 ok, 1688 échecs
05:36:19   z19 : 0 ok, 9400 échecs
05:36:19   z19 : 0 ok, 1696 échecs
05:36:22   z19 : 0 ok, 9408 échecs
05:36:22   z19 : 0 ok, 1704 échecs
05:36:25   z19 : 0 ok, 9416 échecs
05:36:25   z19 : 0 ok, 1712 échecs
05:36:28   z19 : 0 ok, 9424 échecs
05:36:28   z19 : 0 ok, 1720 échecs
05:36:31   z19 : 0 ok, 9432 échecs
05:36:32   z19 : 0 ok, 1728 échecs
05:36:34   z19 : 0 ok, 9440 échecs
05:36:36   z19 : 0 ok, 1736 échecs
05:36:37   z19 : 0 ok, 9448 échecs
05:36:39   z19 : 0 ok, 1744 échecs
05:36:42   z19 : 0 ok, 9456 échecs
05:36:42   z19 : 0 ok, 1752 échecs
05:36:45   z19 : 0 ok, 9464 échecs
05:36:45   z19 : 0 ok, 1760 échecs
05:36:48   z19 : 0 ok, 9472 échecs
05:36:48   z19 : 0 ok, 1768 échecs
05:36:51   z19 : 0 ok, 9480 échecs
05:36:51   z19 : 0 ok, 1776 échecs
05:36:54   z19 : 0 ok, 1784 échecs
05:36:55   z19 : 0 ok, 9488 échecs
05:36:58   z19 : 0 ok, 1792 échecs
05:36:58   z19 : 0 ok, 9496 échecs
05:37:01   z19 : 0 ok, 1800 échecs
05:37:01   z19 : 0 ok, 9504 échecs
05:37:04   z19 : 0 ok, 9512 échecs
05:37:04   z19 : 0 ok, 1808 échecs
05:37:07   z19 : 0 ok, 1816 échecs
05:37:08   z19 : 0 ok, 9520 échecs
05:37:10   z19 : 0 ok, 1824 échecs
05:37:11   z19 : 0 ok, 9528 échecs
05:37:14   z19 : 0 ok, 1832 échecs
05:37:14   z19 : 0 ok, 9536 échecs
05:37:17   z19 : 0 ok, 9544 échecs
05:37:17   z19 : 0 ok, 1840 échecs
05:37:20   z19 : 0 ok, 9552 échecs
05:37:21   z19 : 0 ok, 1848 échecs
05:37:24   z19 : 0 ok, 9560 échecs
05:37:24   z19 : 0 ok, 1856 échecs
05:37:27   z19 : 0 ok, 9568 échecs
05:37:28   z19 : 0 ok, 1864 échecs
05:37:30   z19 : 0 ok, 9576 échecs
05:37:31   z19 : 0 ok, 1872 échecs
05:37:33   z19 : 0 ok, 9584 échecs
05:37:35   z19 : 0 ok, 1880 échecs
05:37:38   z19 : 0 ok, 1888 échecs
05:37:38   z19 : 0 ok, 9592 échecs
05:37:41   z19 : 0 ok, 1896 échecs
05:37:42   z19 : 0 ok, 9600 échecs
05:37:44   z19 : 0 ok, 1904 échecs
05:37:45   z19 : 0 ok, 9608 échecs
05:37:47   z19 : 0 ok, 1912 échecs
05:37:48   z19 : 0 ok, 9616 échecs
05:37:51   z19 : 0 ok, 1920 échecs
05:37:51   z19 : 0 ok, 9624 échecs
05:37:54   z19 : 0 ok, 9632 échecs
05:37:55   z19 : 0 ok, 1928 échecs
05:37:57   z19 : 0 ok, 9640 échecs
05:37:58   z19 : 0 ok, 1936 échecs
05:38:01   z19 : 0 ok, 9648 échecs
05:38:02   z19 : 0 ok, 1944 échecs
05:38:04   z19 : 0 ok, 9656 échecs
05:38:05   z19 : 0 ok, 1952 échecs
05:38:07   z19 : 0 ok, 9664 échecs
05:38:08   z19 : 0 ok, 1960 échecs
05:38:10   z19 : 0 ok, 9672 échecs
05:38:13   z19 : 0 ok, 1968 échecs
05:38:13   z19 : 0 ok, 9680 échecs
05:38:16   z19 : 0 ok, 9688 échecs
05:38:18   z19 : 0 ok, 1976 échecs
05:38:19   z19 : 0 ok, 9696 échecs
05:38:21   z19 : 0 ok, 1984 échecs
05:38:22   z19 : 0 ok, 9704 échecs
05:38:25   z19 : 0 ok, 1992 échecs
05:38:26   z19 : 0 ok, 9712 échecs
05:38:28   z19 : 0 ok, 2000 échecs
05:38:29   z19 : 0 ok, 9720 échecs
05:38:31   z19 : 0 ok, 2008 échecs
05:38:33   z19 : 0 ok, 9728 échecs
05:38:34   z19 : 0 ok, 2016 échecs
05:38:37   z19 : 0 ok, 2024 échecs
05:38:37   z19 : 0 ok, 9736 échecs
05:38:40   z19 : 0 ok, 2032 échecs
05:38:42   z19 : 0 ok, 9744 échecs
05:38:43   z19 : 0 ok, 2040 échecs
05:38:45   z19 : 0 ok, 9752 échecs
05:38:47   z19 : 0 ok, 2048 échecs
05:38:48   z19 : 0 ok, 9760 échecs
05:38:51   z19 : 0 ok, 2056 échecs
05:38:51   z19 : 0 ok, 9768 échecs
05:38:54   z19 : 0 ok, 2064 échecs
05:38:54   z19 : 0 ok, 9776 échecs
05:38:57   z19 : 0 ok, 2072 échecs
05:38:57   z19 : 0 ok, 9784 échecs
05:39:00   z19 : 0 ok, 2080 échecs
05:39:01   z19 : 0 ok, 9792 échecs
05:39:03   z19 : 0 ok, 2088 échecs
05:39:04   z19 : 0 ok, 9800 échecs
05:39:06   z19 : 0 ok, 2096 échecs
05:39:07   z19 : 0 ok, 9808 échecs
05:39:09   z19 : 0 ok, 2104 échecs
05:39:10   z19 : 0 ok, 9816 échecs
05:39:13   z19 : 0 ok, 2112 échecs
05:39:14   z19 : 0 ok, 9824 échecs
05:39:17   z19 : 0 ok, 9832 échecs
05:39:17   z19 : 0 ok, 2120 échecs
05:39:20   z19 : 0 ok, 9840 échecs
05:39:20   z19 : 0 ok, 2128 échecs
05:39:23   z19 : 0 ok, 9848 échecs
05:39:24   z19 : 0 ok, 2136 échecs
05:39:26   z19 : 0 ok, 9856 échecs
05:39:27   z19 : 0 ok, 2144 échecs
05:39:30   z19 : 0 ok, 9864 échecs
05:39:31   z19 : 0 ok, 2152 échecs
05:39:33   z19 : 0 ok, 9872 échecs
05:39:34   z19 : 0 ok, 2160 échecs
05:39:37   z19 : 0 ok, 9880 échecs
05:39:37   z19 : 0 ok, 2168 échecs
05:39:40   z19 : 0 ok, 9888 échecs
05:39:41   z19 : 0 ok, 2176 échecs
05:39:44   z19 : 0 ok, 2184 échecs
05:39:47   z19 : 0 ok, 2192 échecs
05:39:48   z19 : 0 ok, 9896 échecs
05:39:50   z19 : 0 ok, 2200 échecs
05:39:51   z19 : 0 ok, 9904 échecs
05:39:53   z19 : 0 ok, 2208 échecs
05:39:55   z19 : 0 ok, 9912 échecs
05:39:57   z19 : 0 ok, 2216 échecs
05:39:59   z19 : 0 ok, 9920 échecs
05:40:00   z19 : 0 ok, 2224 échecs
05:40:03   z19 : 0 ok, 9928 échecs
05:40:03   z19 : 0 ok, 2232 échecs
05:40:06   z19 : 0 ok, 2240 échecs
05:40:07   z19 : 0 ok, 9936 échecs
05:40:09   z19 : 0 ok, 2248 échecs
05:40:10   z19 : 0 ok, 9944 échecs
05:40:12   z19 : 0 ok, 2256 échecs
05:40:13   z19 : 0 ok, 9952 échecs
05:40:15   z19 : 0 ok, 2264 échecs
05:40:17   z19 : 0 ok, 9960 échecs
05:40:19   z19 : 0 ok, 2272 échecs
05:40:20   z19 : 0 ok, 9968 échecs
05:40:21   z19 : 0 ok, 2280 échecs
05:40:23   z19 : 0 ok, 9976 échecs
05:40:25   z19 : 0 ok, 2288 échecs
05:40:26   z19 : 0 ok, 9984 échecs
05:40:28   z19 : 0 ok, 2296 échecs
05:40:30   z19 : 0 ok, 9992 échecs
05:40:31   z19 : 0 ok, 2304 échecs
05:40:33   z19 : 0 ok, 10000 échecs
05:40:35   z19 : 0 ok, 2312 échecs
05:40:36   z19 : 0 ok, 10008 échecs
05:40:38   z19 : 0 ok, 2320 échecs
05:40:39   z19 : 0 ok, 10016 échecs
05:40:42   z19 : 0 ok, 2328 échecs
05:40:42   z19 : 0 ok, 10024 échecs
05:40:45   z19 : 0 ok, 2336 échecs
05:40:45   z19 : 0 ok, 10032 échecs
05:40:48   z19 : 0 ok, 2344 échecs
05:40:49   z19 : 0 ok, 10040 échecs
05:40:51   z19 : 0 ok, 2352 échecs
05:40:52   z19 : 0 ok, 10048 échecs
05:40:55   z19 : 0 ok, 2360 échecs
05:40:55   z19 : 0 ok, 10056 échecs
05:40:58   z19 : 0 ok, 2368 échecs
05:40:58   z19 : 0 ok, 10064 échecs
05:41:01   z19 : 0 ok, 10072 échecs
05:41:02   z19 : 0 ok, 2376 échecs
05:41:04   z19 : 0 ok, 10080 échecs
05:41:05   z19 : 0 ok, 2384 échecs
05:41:07   z19 : 0 ok, 10088 échecs
05:41:09   z19 : 0 ok, 2392 échecs
05:41:11   z19 : 0 ok, 10096 échecs
05:41:12   z19 : 0 ok, 2400 échecs
05:41:14   z19 : 0 ok, 10104 échecs
05:41:15   z19 : 0 ok, 2408 échecs
05:41:17   z19 : 0 ok, 10112 échecs
05:41:18   z19 : 0 ok, 2416 échecs
05:41:21   z19 : 0 ok, 10120 échecs
05:41:21   z19 : 0 ok, 2424 échecs
05:41:24   z19 : 0 ok, 10128 échecs
05:41:25   z19 : 0 ok, 2432 échecs
05:41:27   z19 : 0 ok, 10136 échecs
05:41:28   z19 : 0 ok, 2440 échecs
05:41:30   z19 : 0 ok, 10144 échecs
05:41:32   z19 : 0 ok, 2448 échecs
05:41:34   z19 : 0 ok, 10152 échecs
05:41:35   z19 : 0 ok, 2456 échecs
05:41:37   z19 : 0 ok, 10160 échecs
05:41:39   z19 : 0 ok, 2464 échecs
05:41:40   z19 : 0 ok, 10168 échecs
05:41:42   z19 : 0 ok, 2472 échecs
05:41:44   z19 : 0 ok, 10176 échecs
05:41:46   z19 : 0 ok, 2480 échecs
05:41:47   z19 : 0 ok, 10184 échecs
05:41:50   z19 : 0 ok, 10192 échecs
05:41:51   z19 : 0 ok, 2488 échecs
05:41:54   z19 : 0 ok, 2496 échecs
05:41:54   z19 : 0 ok, 10200 échecs
05:41:57   z19 : 0 ok, 2504 échecs
05:41:57   z19 : 0 ok, 10208 échecs
05:42:00   z19 : 0 ok, 2512 échecs
05:42:00   z19 : 0 ok, 10216 échecs
05:42:03   z19 : 0 ok, 2520 échecs
05:42:04   z19 : 0 ok, 10224 échecs
05:42:07   z19 : 0 ok, 2528 échecs
05:42:07   z19 : 0 ok, 10232 échecs
05:42:10   z19 : 0 ok, 2536 échecs
05:42:11   z19 : 0 ok, 10240 échecs
05:42:13   z19 : 0 ok, 2544 échecs
05:42:16   z19 : 0 ok, 10248 échecs
05:42:16   z19 : 0 ok, 2552 échecs
05:42:19   z19 : 0 ok, 10256 échecs
05:42:20   z19 : 0 ok, 2560 échecs
05:42:23   z19 : 0 ok, 2568 échecs
05:42:25   z19 : 0 ok, 10264 échecs
05:42:26   z19 : 0 ok, 2576 échecs
05:42:28   z19 : 0 ok, 10272 échecs
05:42:29   z19 : 0 ok, 2584 échecs
05:42:32   z19 : 0 ok, 10280 échecs
05:42:33   z19 : 0 ok, 2592 échecs
05:42:35   z19 : 0 ok, 10288 échecs
05:42:37   z19 : 0 ok, 2600 échecs
05:42:38   z19 : 0 ok, 10296 échecs
05:42:40   z19 : 0 ok, 2608 échecs
05:42:42   z19 : 0 ok, 10304 échecs
05:42:43   z19 : 0 ok, 2616 échecs
05:42:46   z19 : 0 ok, 10312 échecs
05:42:47   z19 : 0 ok, 2624 échecs
05:42:49   z19 : 0 ok, 10320 échecs
05:42:52   z19 : 0 ok, 2632 échecs
05:42:53   z19 : 0 ok, 10328 échecs
05:42:55   z19 : 0 ok, 2640 échecs
05:42:56   z19 : 0 ok, 10336 échecs
05:42:58   z19 : 0 ok, 2648 échecs
05:42:59   z19 : 0 ok, 10344 échecs
05:43:01   z19 : 0 ok, 2656 échecs
05:43:03   z19 : 0 ok, 10352 échecs
05:43:04   z19 : 0 ok, 2664 échecs
05:43:06   z19 : 0 ok, 10360 échecs
05:43:09   z19 : 0 ok, 2672 échecs
05:43:10   z19 : 0 ok, 10368 échecs
05:43:12   z19 : 0 ok, 2680 échecs
05:43:13   z19 : 0 ok, 10376 échecs
05:43:15   z19 : 0 ok, 2688 échecs
05:43:16   z19 : 0 ok, 10384 échecs
05:43:19   z19 : 0 ok, 2696 échecs
05:43:20   z19 : 0 ok, 10392 échecs
05:43:21   z19 : 0 ok, 2704 échecs
05:43:23   z19 : 0 ok, 10400 échecs
05:43:25   z19 : 0 ok, 2712 échecs
05:43:26   z19 : 0 ok, 10408 échecs
05:43:28   z19 : 0 ok, 2720 échecs
05:43:30   z19 : 0 ok, 10416 échecs
05:43:31   z19 : 0 ok, 2728 échecs
05:43:33   z19 : 0 ok, 10424 échecs
05:43:34   z19 : 0 ok, 2736 échecs
05:43:36   z19 : 0 ok, 10432 échecs
05:43:39   z19 : 0 ok, 2744 échecs
05:43:39   z19 : 0 ok, 10440 échecs
05:43:42   z19 : 0 ok, 2752 échecs
05:43:42   z19 : 0 ok, 10448 échecs
05:43:45   z19 : 0 ok, 2760 échecs
05:43:45   z19 : 0 ok, 10456 échecs
05:43:48   z19 : 0 ok, 2768 échecs
05:43:50   z19 : 0 ok, 10464 échecs
05:43:52   z19 : 0 ok, 2776 échecs
05:43:55   z19 : 0 ok, 2784 échecs
05:43:56   z19 : 0 ok, 10472 échecs
05:43:58   z19 : 0 ok, 2792 échecs
05:43:59   z19 : 0 ok, 10480 échecs
05:44:02   z19 : 0 ok, 2800 échecs
05:44:03   z19 : 0 ok, 10488 échecs
05:44:05   z19 : 0 ok, 2808 échecs
05:44:06   z19 : 0 ok, 10496 échecs
05:44:08   z19 : 0 ok, 2816 échecs
05:44:10   z19 : 0 ok, 10504 échecs
05:44:12   z19 : 0 ok, 2824 échecs
05:44:13   z19 : 0 ok, 10512 échecs
05:44:15   z19 : 0 ok, 2832 échecs
05:44:16   z19 : 0 ok, 10520 échecs
05:44:18   z19 : 0 ok, 2840 échecs
05:44:20   z19 : 0 ok, 10528 échecs
05:44:22   z19 : 0 ok, 2848 échecs
05:44:23   z19 : 0 ok, 10536 échecs
05:44:26   z19 : 0 ok, 2856 échecs
05:44:27   z19 : 0 ok, 10544 échecs
05:44:29   z19 : 0 ok, 2864 échecs
05:44:30   z19 : 0 ok, 10552 échecs
05:44:33   z19 : 0 ok, 10560 échecs
05:44:34   z19 : 0 ok, 2872 échecs
05:44:37   z19 : 0 ok, 10568 échecs
05:44:39   z19 : 0 ok, 2880 échecs
05:44:41   z19 : 0 ok, 10576 échecs
05:44:43   z19 : 0 ok, 2888 échecs
05:44:46   z19 : 0 ok, 10584 échecs
05:44:47   z19 : 0 ok, 2896 échecs
05:44:50   z19 : 0 ok, 10592 échecs
05:44:51   z19 : 0 ok, 2904 échecs
05:44:53   z19 : 0 ok, 10600 échecs
05:44:54   z19 : 0 ok, 2912 échecs
05:44:58   z19 : 0 ok, 10608 échecs
05:44:58   z19 : 0 ok, 2920 échecs
05:45:01   z19 : 0 ok, 10616 échecs
05:45:02   z19 : 0 ok, 2928 échecs
05:45:05   z19 : 0 ok, 10624 échecs
05:45:05   z19 : 0 ok, 2936 échecs
05:45:08   z19 : 0 ok, 10632 échecs
05:45:09   z19 : 0 ok, 2944 échecs
05:45:12   z19 : 0 ok, 2952 échecs
05:45:12   z19 : 0 ok, 10640 échecs
05:45:15   z19 : 0 ok, 2960 échecs
05:45:15   z19 : 0 ok, 10648 échecs
05:45:18   z19 : 0 ok, 2968 échecs
05:45:19   z19 : 0 ok, 10656 échecs
05:45:22   z19 : 0 ok, 10664 échecs
05:45:23   z19 : 0 ok, 2976 échecs
05:45:25   z19 : 0 ok, 10672 échecs
05:45:27   z19 : 0 ok, 2984 échecs
05:45:29   z19 : 0 ok, 10680 échecs
05:45:31   z19 : 0 ok, 2992 échecs
05:45:33   z19 : 0 ok, 10688 échecs
05:45:34   z19 : 0 ok, 3000 échecs
05:45:37   z19 : 0 ok, 10696 échecs
05:45:37   z19 : 0 ok, 3008 échecs
05:45:41   z19 : 0 ok, 10704 échecs
05:45:41   z19 : 0 ok, 3016 échecs
05:45:44   z19 : 0 ok, 10712 échecs
05:45:46   z19 : 0 ok, 3024 échecs
05:45:47   z19 : 0 ok, 10720 échecs
05:45:49   z19 : 0 ok, 3032 échecs
05:45:51   z19 : 0 ok, 10728 échecs
05:45:54   z19 : 0 ok, 3040 échecs
05:45:54   z19 : 0 ok, 10736 échecs
05:45:57   z19 : 0 ok, 10744 échecs
05:45:58   z19 : 0 ok, 3048 échecs
05:46:01   z19 : 0 ok, 10752 échecs
05:46:01   z19 : 0 ok, 3056 échecs
05:46:06   z19 : 0 ok, 10760 échecs
05:46:06   z19 : 0 ok, 3064 échecs
05:46:09   z19 : 0 ok, 10768 échecs
05:46:10   z19 : 0 ok, 3072 échecs
05:46:13   z19 : 0 ok, 10776 échecs
05:46:13   z19 : 0 ok, 3080 échecs
05:46:16   z19 : 0 ok, 10784 échecs
05:46:17   z19 : 0 ok, 3088 échecs
05:46:19   z19 : 0 ok, 10792 échecs
05:46:20   z19 : 0 ok, 3096 échecs
05:46:23   z19 : 0 ok, 10800 échecs
05:46:24   z19 : 0 ok, 3104 échecs
05:46:26   z19 : 0 ok, 10808 échecs
05:46:27   z19 : 0 ok, 3112 échecs
05:46:29   z19 : 0 ok, 10816 échecs
05:46:31   z19 : 0 ok, 3120 échecs
05:46:34   z19 : 0 ok, 10824 échecs
05:46:34   z19 : 0 ok, 3128 échecs
05:46:37   z19 : 0 ok, 10832 échecs
05:46:37   z19 : 0 ok, 3136 échecs
05:46:40   z19 : 0 ok, 10840 échecs
05:46:41   z19 : 0 ok, 3144 échecs
05:46:44   z19 : 0 ok, 3152 échecs
05:46:44   z19 : 0 ok, 10848 échecs
05:46:47   z19 : 0 ok, 3160 échecs
05:46:51   z19 : 0 ok, 10856 échecs
05:46:51   z19 : 0 ok, 3168 échecs
05:46:54   z19 : 0 ok, 10864 échecs
05:46:54   z19 : 0 ok, 3176 échecs
05:46:57   z19 : 0 ok, 10872 échecs
05:46:58   z19 : 0 ok, 3184 échecs
05:47:01   z19 : 0 ok, 3192 échecs
05:47:02   z19 : 0 ok, 10880 échecs
05:47:04   z19 : 0 ok, 3200 échecs
05:47:05   z19 : 0 ok, 10888 échecs
05:47:08   z19 : 0 ok, 3208 échecs
05:47:08   z19 : 0 ok, 10896 échecs
05:47:11   z19 : 0 ok, 3216 échecs
05:47:12   z19 : 0 ok, 10904 échecs
05:47:14   z19 : 0 ok, 3224 échecs
05:47:15   z19 : 0 ok, 10912 échecs
05:47:18   z19 : 0 ok, 3232 échecs
05:47:19   z19 : 0 ok, 10920 échecs
05:47:21   z19 : 0 ok, 3240 échecs
05:47:23   z19 : 0 ok, 10928 échecs
05:47:24   z19 : 0 ok, 3248 échecs
05:47:26   z19 : 0 ok, 10936 échecs
05:47:29   z19 : 0 ok, 3256 échecs
05:47:29   z19 : 0 ok, 10944 échecs
05:47:32   z19 : 0 ok, 3264 échecs
05:47:33   z19 : 0 ok, 10952 échecs
05:47:35   z19 : 0 ok, 3272 échecs
05:47:36   z19 : 0 ok, 10960 échecs
05:47:39   z19 : 0 ok, 3280 échecs
05:47:39   z19 : 0 ok, 10968 échecs
05:47:42   z19 : 0 ok, 3288 échecs
05:47:44   z19 : 0 ok, 10976 échecs
05:47:46   z19 : 0 ok, 3296 échecs
05:47:47   z19 : 0 ok, 10984 échecs
05:47:49   z19 : 0 ok, 3304 échecs
05:47:50   z19 : 0 ok, 10992 échecs
05:47:53   z19 : 0 ok, 3312 échecs
05:47:54   z19 : 0 ok, 11000 échecs
05:47:56   z19 : 0 ok, 3320 échecs
05:47:57   z19 : 0 ok, 11008 échecs
05:47:59   z19 : 0 ok, 3328 échecs
05:48:01   z19 : 0 ok, 11016 échecs
05:48:03   z19 : 0 ok, 3336 échecs
05:48:04   z19 : 0 ok, 11024 échecs
05:48:06   z19 : 0 ok, 3344 échecs
05:48:07   z19 : 0 ok, 11032 échecs
05:48:09   z19 : 0 ok, 3352 échecs
05:48:12   z19 : 0 ok, 11040 échecs
05:48:12   z19 : 0 ok, 3360 échecs
05:48:15   z19 : 0 ok, 11048 échecs
05:48:15 [orthophoto z19] terminé : 0 ok, 11048 échecs
05:48:16   z19 : 0 ok, 3368 échecs
05:48:19   z19 : 0 ok, 3376 échecs
05:48:22   z19 : 0 ok, 3384 échecs
05:48:26   z19 : 0 ok, 3392 échecs
05:48:29   z19 : 0 ok, 3400 échecs
05:48:32   z19 : 0 ok, 3408 échecs
05:48:36   z19 : 0 ok, 3416 échecs
05:48:39   z19 : 0 ok, 3424 échecs
05:48:42   z19 : 0 ok, 3432 échecs
05:48:46   z19 : 0 ok, 3440 échecs
05:48:49   z19 : 0 ok, 3448 échecs
05:48:52   z19 : 0 ok, 3456 échecs
05:48:55   z19 : 0 ok, 3464 échecs
05:48:58   z19 : 0 ok, 3472 échecs
05:49:02   z19 : 0 ok, 3480 échecs
05:49:05   z19 : 0 ok, 3488 échecs
05:49:09   z19 : 0 ok, 3496 échecs
05:49:12   z19 : 0 ok, 3504 échecs
05:49:16   z19 : 0 ok, 3512 échecs
05:49:19   z19 : 0 ok, 3520 échecs
05:49:22   z19 : 0 ok, 3528 échecs
05:49:26   z19 : 0 ok, 3536 échecs
05:49:29   z19 : 0 ok, 3544 échecs
05:49:36   z19 : 0 ok, 3552 échecs
05:49:40   z19 : 0 ok, 3560 échecs
05:49:43   z19 : 0 ok, 3568 échecs
05:49:47   z19 : 0 ok, 3576 échecs
05:49:50   z19 : 0 ok, 3584 échecs
05:49:55   z19 : 0 ok, 3592 échecs
05:49:58   z19 : 0 ok, 3600 échecs
05:50:01   z19 : 0 ok, 3608 échecs
05:50:04   z19 : 0 ok, 3616 échecs
05:50:07   z19 : 0 ok, 3624 échecs
05:50:11   z19 : 0 ok, 3632 échecs
05:50:14   z19 : 0 ok, 3640 échecs
05:50:17   z19 : 0 ok, 3648 échecs
05:50:21   z19 : 0 ok, 3656 échecs
05:50:25   z19 : 0 ok, 3664 échecs
05:50:28   z19 : 0 ok, 3672 échecs
05:50:33   z19 : 0 ok, 3680 échecs
05:50:37   z19 : 0 ok, 3688 échecs
05:50:41   z19 : 0 ok, 3696 échecs
05:50:45   z19 : 0 ok, 3704 échecs
05:50:48   z19 : 0 ok, 3712 échecs
05:50:52   z19 : 0 ok, 3720 échecs
05:50:55   z19 : 0 ok, 3728 échecs
05:50:59   z19 : 0 ok, 3736 échecs
05:51:02   z19 : 0 ok, 3744 échecs
05:51:07   z19 : 0 ok, 3752 échecs
05:51:10   z19 : 0 ok, 3760 échecs
05:51:13   z19 : 0 ok, 3768 échecs
05:51:16   z19 : 0 ok, 3776 échecs
05:51:19   z19 : 0 ok, 3784 échecs
05:51:23   z19 : 0 ok, 3792 échecs
05:51:26   z19 : 0 ok, 3800 échecs
05:51:29   z19 : 0 ok, 3808 échecs
05:51:33   z19 : 0 ok, 3816 échecs
05:51:36   z19 : 0 ok, 3824 échecs
05:51:39   z19 : 0 ok, 3832 échecs
05:51:42   z19 : 0 ok, 3840 échecs
05:51:47   z19 : 0 ok, 3848 échecs
05:51:50   z19 : 0 ok, 3856 échecs
05:51:55   z19 : 0 ok, 3864 échecs
05:51:58   z19 : 0 ok, 3872 échecs
05:52:03   z19 : 0 ok, 3880 échecs
05:52:06   z19 : 0 ok, 3888 échecs
05:52:09   z19 : 0 ok, 3896 échecs
05:52:14   z19 : 0 ok, 3904 échecs
05:52:17   z19 : 0 ok, 3912 échecs
05:52:21   z19 : 0 ok, 3920 échecs
05:52:24   z19 : 0 ok, 3928 échecs
05:52:27   z19 : 0 ok, 3936 échecs
05:52:31   z19 : 0 ok, 3944 échecs
05:52:34   z19 : 0 ok, 3952 échecs
05:52:38   z19 : 0 ok, 3960 échecs
05:52:41   z19 : 0 ok, 3968 échecs
05:52:45   z19 : 0 ok, 3976 échecs
05:52:48   z19 : 0 ok, 3984 échecs
05:52:51   z19 : 0 ok, 3992 échecs
05:52:54   z19 : 0 ok, 4000 échecs
05:52:58   z19 : 0 ok, 4008 échecs
05:53:01   z19 : 0 ok, 4016 échecs
05:53:07   z19 : 0 ok, 4024 échecs
05:53:10   z19 : 0 ok, 4032 échecs
05:53:13   z19 : 0 ok, 4040 échecs
05:53:17   z19 : 0 ok, 4048 échecs
05:53:22   z19 : 0 ok, 4056 échecs
05:53:25   z19 : 0 ok, 4064 échecs
05:53:28   z19 : 0 ok, 4072 échecs
05:53:31   z19 : 0 ok, 4080 échecs
05:53:36   z19 : 0 ok, 4088 échecs
05:53:39   z19 : 0 ok, 4096 échecs
05:53:43   z19 : 0 ok, 4104 échecs
05:53:46   z19 : 0 ok, 4112 échecs
05:53:49   z19 : 0 ok, 4120 échecs
05:53:53   z19 : 0 ok, 4128 échecs
05:53:56   z19 : 0 ok, 4136 échecs
05:53:59   z19 : 0 ok, 4144 échecs
05:54:03   z19 : 0 ok, 4152 échecs
05:54:06   z19 : 0 ok, 4160 échecs
05:54:09   z19 : 0 ok, 4168 échecs
05:54:13   z19 : 0 ok, 4176 échecs
05:54:16   z19 : 0 ok, 4184 échecs
05:54:19   z19 : 0 ok, 4192 échecs
05:54:22   z19 : 0 ok, 4200 échecs
05:54:26   z19 : 0 ok, 4208 échecs
05:54:29   z19 : 0 ok, 4216 échecs
05:54:32   z19 : 0 ok, 4224 échecs
05:54:36   z19 : 0 ok, 4232 échecs
05:54:39   z19 : 0 ok, 4240 échecs
05:54:42   z19 : 0 ok, 4248 échecs
05:54:46   z19 : 0 ok, 4256 échecs
05:54:49   z19 : 0 ok, 4264 échecs
05:54:52   z19 : 0 ok, 4272 échecs
05:54:55   z19 : 0 ok, 4280 échecs
05:54:58   z19 : 0 ok, 4288 échecs
05:55:02   z19 : 0 ok, 4296 échecs
05:55:05   z19 : 0 ok, 4304 échecs
05:55:10   z19 : 0 ok, 4312 échecs
05:55:13   z19 : 0 ok, 4320 échecs
05:55:17   z19 : 0 ok, 4328 échecs
05:55:21   z19 : 0 ok, 4336 échecs
05:55:24   z19 : 0 ok, 4344 échecs
05:55:27   z19 : 0 ok, 4352 échecs
05:55:30   z19 : 0 ok, 4360 échecs
05:55:35   z19 : 0 ok, 4368 échecs
05:55:39   z19 : 0 ok, 4376 échecs
05:55:42   z19 : 0 ok, 4384 échecs
05:55:45   z19 : 0 ok, 4392 échecs
05:55:48   z19 : 0 ok, 4400 échecs
05:55:51   z19 : 0 ok, 4408 échecs
05:55:55   z19 : 0 ok, 4416 échecs
05:55:59   z19 : 0 ok, 4424 échecs
05:56:02   z19 : 0 ok, 4432 échecs
05:56:06   z19 : 0 ok, 4440 échecs
05:56:09   z19 : 0 ok, 4448 échecs
05:56:12   z19 : 0 ok, 4456 échecs
05:56:15   z19 : 0 ok, 4464 échecs
05:56:20   z19 : 0 ok, 4472 échecs
05:56:23   z19 : 0 ok, 4480 échecs
05:56:27   z19 : 0 ok, 4488 échecs
05:56:31   z19 : 0 ok, 4496 échecs
05:56:34   z19 : 0 ok, 4504 échecs
05:56:38   z19 : 0 ok, 4512 échecs
05:56:43   z19 : 0 ok, 4520 échecs
05:56:46   z19 : 0 ok, 4528 échecs
05:56:50   z19 : 0 ok, 4536 échecs
05:56:53   z19 : 0 ok, 4544 échecs
05:56:56   z19 : 0 ok, 4552 échecs
05:57:00   z19 : 0 ok, 4560 échecs
05:57:03   z19 : 0 ok, 4568 échecs
05:57:06   z19 : 0 ok, 4576 échecs
05:57:11   z19 : 0 ok, 4584 échecs
05:57:14   z19 : 0 ok, 4592 échecs
05:57:17   z19 : 0 ok, 4600 échecs
05:57:20   z19 : 0 ok, 4608 échecs
05:57:23   z19 : 0 ok, 4616 échecs
05:57:26   z19 : 0 ok, 4624 échecs
05:57:29   z19 : 0 ok, 4632 échecs
05:57:33   z19 : 0 ok, 4640 échecs
05:57:37   z19 : 0 ok, 4648 échecs
05:57:40   z19 : 0 ok, 4656 échecs
05:57:44   z19 : 0 ok, 4664 échecs
05:57:47   z19 : 0 ok, 4672 échecs
05:57:51   z19 : 0 ok, 4680 échecs
05:57:54   z19 : 0 ok, 4688 échecs
05:57:57   z19 : 0 ok, 4696 échecs
05:58:01   z19 : 0 ok, 4704 échecs
05:58:04   z19 : 0 ok, 4712 échecs
05:58:07   z19 : 0 ok, 4720 échecs
05:58:11   z19 : 0 ok, 4728 échecs
05:58:14   z19 : 0 ok, 4736 échecs
05:58:17   z19 : 0 ok, 4744 échecs
05:58:21   z19 : 0 ok, 4752 échecs
05:58:24   z19 : 0 ok, 4760 échecs
05:58:28   z19 : 0 ok, 4768 échecs
05:58:31   z19 : 0 ok, 4776 échecs
05:58:34   z19 : 0 ok, 4784 échecs
05:58:37   z19 : 0 ok, 4792 échecs
05:58:40   z19 : 0 ok, 4800 échecs
05:58:43   z19 : 0 ok, 4808 échecs
05:58:47   z19 : 0 ok, 4816 échecs
05:58:50   z19 : 0 ok, 4824 échecs
05:58:55   z19 : 0 ok, 4832 échecs
05:58:59   z19 : 0 ok, 4840 échecs
05:59:03   z19 : 0 ok, 4848 échecs
05:59:06   z19 : 0 ok, 4856 échecs
05:59:09   z19 : 0 ok, 4864 échecs
05:59:13   z19 : 0 ok, 4872 échecs
05:59:17   z19 : 0 ok, 4880 échecs
05:59:21   z19 : 0 ok, 4888 échecs
05:59:24   z19 : 0 ok, 4896 échecs
05:59:27   z19 : 0 ok, 4904 échecs
05:59:31   z19 : 0 ok, 4912 échecs
05:59:35   z19 : 0 ok, 4920 échecs
05:59:38   z19 : 0 ok, 4928 échecs
05:59:41   z19 : 0 ok, 4936 échecs
05:59:45   z19 : 0 ok, 4944 échecs
05:59:48   z19 : 0 ok, 4952 échecs
05:59:51   z19 : 0 ok, 4960 échecs
05:59:54   z19 : 0 ok, 4968 échecs
05:59:57   z19 : 0 ok, 4976 échecs
06:00:01   z19 : 0 ok, 4984 échecs
06:00:05   z19 : 0 ok, 4992 échecs
06:00:08   z19 : 0 ok, 5000 échecs
06:00:11   z19 : 0 ok, 5008 échecs
06:00:14   z19 : 0 ok, 5016 échecs
06:00:19   z19 : 0 ok, 5024 échecs
06:00:22   z19 : 0 ok, 5032 échecs
06:00:25   z19 : 0 ok, 5040 échecs
06:00:28   z19 : 0 ok, 5048 échecs
06:00:31   z19 : 0 ok, 5056 échecs
06:00:34   z19 : 0 ok, 5064 échecs
06:00:38   z19 : 0 ok, 5072 échecs
06:00:41   z19 : 0 ok, 5080 échecs
06:00:44   z19 : 0 ok, 5088 échecs
06:00:48   z19 : 0 ok, 5096 échecs
06:00:51   z19 : 0 ok, 5104 échecs
06:00:54   z19 : 0 ok, 5112 échecs
06:00:58   z19 : 0 ok, 5120 échecs
06:01:01   z19 : 0 ok, 5128 échecs
06:01:05   z19 : 0 ok, 5136 échecs
06:01:09   z19 : 0 ok, 5144 échecs
06:01:12   z19 : 0 ok, 5152 échecs
06:01:15   z19 : 0 ok, 5160 échecs
06:01:19   z19 : 0 ok, 5168 échecs
06:01:22   z19 : 0 ok, 5176 échecs
06:01:26   z19 : 0 ok, 5184 échecs
06:01:29   z19 : 0 ok, 5192 échecs
06:01:33   z19 : 0 ok, 5200 échecs
06:01:36   z19 : 0 ok, 5208 échecs
06:01:39   z19 : 0 ok, 5216 échecs
06:01:42   z19 : 0 ok, 5224 échecs
06:01:46   z19 : 0 ok, 5232 échecs
06:01:49   z19 : 0 ok, 5240 échecs
06:01:53   z19 : 0 ok, 5248 échecs
06:01:56   z19 : 0 ok, 5256 échecs
06:01:59   z19 : 0 ok, 5264 échecs
06:02:03   z19 : 0 ok, 5272 échecs
06:02:06   z19 : 0 ok, 5280 échecs
06:02:09   z19 : 0 ok, 5288 échecs
06:02:14   z19 : 0 ok, 5296 échecs
06:02:18   z19 : 0 ok, 5304 échecs
06:02:21   z19 : 0 ok, 5312 échecs
06:02:25   z19 : 0 ok, 5320 échecs
06:02:28   z19 : 0 ok, 5328 échecs
06:02:32   z19 : 0 ok, 5336 échecs
06:02:35   z19 : 0 ok, 5344 échecs
06:02:38   z19 : 0 ok, 5352 échecs
06:02:41   z19 : 0 ok, 5360 échecs
06:02:45   z19 : 0 ok, 5368 échecs
06:02:48   z19 : 0 ok, 5376 échecs
06:02:51   z19 : 0 ok, 5384 échecs
06:02:55   z19 : 0 ok, 5392 échecs
06:02:58   z19 : 0 ok, 5400 échecs
06:03:01   z19 : 0 ok, 5408 échecs
06:03:04   z19 : 0 ok, 5416 échecs
06:03:07   z19 : 0 ok, 5424 échecs
06:03:10   z19 : 0 ok, 5432 échecs
06:03:13   z19 : 0 ok, 5440 échecs
06:03:18   z19 : 0 ok, 5448 échecs
06:03:21   z19 : 0 ok, 5456 échecs
06:03:24   z19 : 0 ok, 5464 échecs
06:03:28   z19 : 0 ok, 5472 échecs
06:03:31   z19 : 0 ok, 5480 échecs
06:03:34   z19 : 0 ok, 5488 échecs
06:03:39   z19 : 0 ok, 5496 échecs
06:03:42   z19 : 0 ok, 5504 échecs
06:03:45   z19 : 0 ok, 5512 échecs
06:03:48   z19 : 0 ok, 5520 échecs
06:03:51   z19 : 0 ok, 5528 échecs
06:03:54   z19 : 0 ok, 5536 échecs
06:03:57   z19 : 0 ok, 5544 échecs
06:04:01   z19 : 0 ok, 5552 échecs
06:04:04   z19 : 0 ok, 5560 échecs
06:04:07   z19 : 0 ok, 5568 échecs
06:04:10   z19 : 0 ok, 5576 échecs
06:04:13   z19 : 0 ok, 5584 échecs
06:04:17   z19 : 0 ok, 5592 échecs
06:04:21   z19 : 0 ok, 5600 échecs
06:04:24   z19 : 0 ok, 5608 échecs
06:04:27   z19 : 0 ok, 5616 échecs
06:04:31   z19 : 0 ok, 5624 échecs
06:04:34   z19 : 0 ok, 5632 échecs
06:04:38   z19 : 0 ok, 5640 échecs
06:04:41   z19 : 0 ok, 5648 échecs
06:04:44   z19 : 0 ok, 5656 échecs
06:04:48   z19 : 0 ok, 5664 échecs
06:04:51   z19 : 0 ok, 5672 échecs
06:04:54   z19 : 0 ok, 5680 échecs
06:04:57   z19 : 0 ok, 5688 échecs
06:05:00   z19 : 0 ok, 5696 échecs
06:05:04   z19 : 0 ok, 5704 échecs
06:05:07   z19 : 0 ok, 5712 échecs
06:05:10   z19 : 0 ok, 5720 échecs
06:05:14   z19 : 0 ok, 5728 échecs
06:05:17   z19 : 0 ok, 5736 échecs
06:05:20   z19 : 0 ok, 5744 échecs
06:05:23   z19 : 0 ok, 5752 échecs
06:05:26   z19 : 0 ok, 5760 échecs
06:05:30   z19 : 0 ok, 5768 échecs
06:05:33   z19 : 0 ok, 5776 échecs
06:05:36   z19 : 0 ok, 5784 échecs
06:05:39   z19 : 0 ok, 5792 échecs
06:05:43   z19 : 0 ok, 5800 échecs
06:05:46   z19 : 0 ok, 5808 échecs
06:05:49   z19 : 0 ok, 5816 échecs
06:05:53   z19 : 0 ok, 5824 échecs
06:05:56   z19 : 0 ok, 5832 échecs
06:06:00   z19 : 0 ok, 5840 échecs
06:06:03   z19 : 0 ok, 5848 échecs
06:06:06   z19 : 0 ok, 5856 échecs
06:06:09   z19 : 0 ok, 5864 échecs
06:06:13   z19 : 0 ok, 5872 échecs
06:06:16   z19 : 0 ok, 5880 échecs
06:06:19   z19 : 0 ok, 5888 échecs
06:06:22   z19 : 0 ok, 5896 échecs
06:06:25   z19 : 0 ok, 5904 échecs
06:06:29   z19 : 0 ok, 5912 échecs
06:06:33   z19 : 0 ok, 5920 échecs
06:06:36   z19 : 0 ok, 5928 échecs
06:06:39   z19 : 0 ok, 5936 échecs
06:06:42   z19 : 0 ok, 5944 échecs
06:06:46   z19 : 0 ok, 5952 échecs
06:06:49   z19 : 0 ok, 5960 échecs
06:06:52   z19 : 0 ok, 5968 échecs
06:06:55   z19 : 0 ok, 5976 échecs
06:06:58   z19 : 0 ok, 5984 échecs
06:07:03   z19 : 0 ok, 5992 échecs
06:07:06   z19 : 0 ok, 6000 échecs
06:07:09   z19 : 0 ok, 6008 échecs
06:07:13   z19 : 0 ok, 6016 échecs
06:07:17   z19 : 0 ok, 6024 échecs
06:07:20   z19 : 0 ok, 6032 échecs
06:07:23   z19 : 0 ok, 6040 échecs
06:07:26   z19 : 0 ok, 6048 échecs
06:07:30   z19 : 0 ok, 6056 échecs
06:07:33   z19 : 0 ok, 6064 échecs
06:07:37   z19 : 0 ok, 6072 échecs
06:07:40   z19 : 0 ok, 6080 échecs
06:07:43   z19 : 0 ok, 6088 échecs
06:07:46   z19 : 0 ok, 6096 échecs
06:07:49   z19 : 0 ok, 6104 échecs
06:07:53   z19 : 0 ok, 6112 échecs
06:07:57   z19 : 0 ok, 6120 échecs
06:08:00   z19 : 0 ok, 6128 échecs
06:08:03   z19 : 0 ok, 6136 échecs
06:08:06   z19 : 0 ok, 6144 échecs
06:08:10   z19 : 0 ok, 6152 échecs
06:08:13   z19 : 0 ok, 6160 échecs
06:08:16   z19 : 0 ok, 6168 échecs
06:08:21   z19 : 0 ok, 6176 échecs
06:08:24   z19 : 0 ok, 6184 échecs
06:08:28   z19 : 0 ok, 6192 échecs
06:08:31   z19 : 0 ok, 6200 échecs
06:08:34   z19 : 0 ok, 6208 échecs
06:08:37   z19 : 0 ok, 6216 échecs
06:08:41   z19 : 0 ok, 6224 échecs
06:08:44   z19 : 0 ok, 6232 échecs
06:08:47   z19 : 0 ok, 6240 échecs
06:08:50   z19 : 0 ok, 6248 échecs
06:08:53   z19 : 0 ok, 6256 échecs
06:08:57   z19 : 0 ok, 6264 échecs
06:09:00   z19 : 0 ok, 6272 échecs
06:09:05   z19 : 0 ok, 6280 échecs
06:09:08   z19 : 0 ok, 6288 échecs
06:09:13   z19 : 0 ok, 6296 échecs
06:09:16   z19 : 0 ok, 6304 échecs
06:09:19   z19 : 0 ok, 6312 échecs
06:09:22   z19 : 0 ok, 6320 échecs
06:09:25   z19 : 0 ok, 6328 échecs
06:09:28   z19 : 0 ok, 6336 échecs
06:09:32   z19 : 0 ok, 6344 échecs
06:09:35   z19 : 0 ok, 6352 échecs
06:09:38   z19 : 0 ok, 6360 échecs
06:09:41   z19 : 0 ok, 6368 échecs
06:09:45   z19 : 0 ok, 6376 échecs
06:09:49   z19 : 0 ok, 6384 échecs
06:09:52   z19 : 0 ok, 6392 échecs
06:09:55   z19 : 0 ok, 6400 échecs
06:09:58   z19 : 0 ok, 6408 échecs
06:10:02   z19 : 0 ok, 6416 échecs
06:10:05   z19 : 0 ok, 6424 échecs
06:10:08   z19 : 0 ok, 6432 échecs
06:10:11   z19 : 0 ok, 6440 échecs
06:10:15   z19 : 0 ok, 6448 échecs
06:10:18   z19 : 0 ok, 6456 échecs
06:10:21   z19 : 0 ok, 6464 échecs
06:10:24   z19 : 0 ok, 6472 échecs
06:10:27   z19 : 0 ok, 6480 échecs
06:10:30   z19 : 0 ok, 6488 échecs
06:10:33   z19 : 0 ok, 6496 échecs
06:10:36   z19 : 0 ok, 6504 échecs
06:10:40   z19 : 0 ok, 6512 échecs
06:10:45   z19 : 0 ok, 6520 échecs
06:10:48   z19 : 0 ok, 6528 échecs
06:10:51   z19 : 0 ok, 6536 échecs
06:10:55   z19 : 0 ok, 6544 échecs
06:10:58   z19 : 0 ok, 6552 échecs
06:11:02   z19 : 0 ok, 6560 échecs
06:11:05   z19 : 0 ok, 6568 échecs
06:11:08   z19 : 0 ok, 6576 échecs
06:11:12   z19 : 0 ok, 6584 échecs
06:11:15   z19 : 0 ok, 6592 échecs
06:11:18   z19 : 0 ok, 6600 échecs
06:11:21   z19 : 0 ok, 6608 échecs
06:11:25   z19 : 0 ok, 6616 échecs
06:11:29   z19 : 0 ok, 6624 échecs
06:11:32   z19 : 0 ok, 6632 échecs
06:11:36   z19 : 0 ok, 6640 échecs
06:11:39   z19 : 0 ok, 6648 échecs
06:11:42   z19 : 0 ok, 6656 échecs
06:11:45   z19 : 0 ok, 6664 échecs
06:11:49   z19 : 0 ok, 6672 échecs
06:11:54   z19 : 0 ok, 6680 échecs
06:11:57   z19 : 0 ok, 6688 échecs
06:12:00   z19 : 0 ok, 6696 échecs
06:12:04   z19 : 0 ok, 6704 échecs
06:12:07   z19 : 0 ok, 6712 échecs
06:12:10   z19 : 0 ok, 6720 échecs
06:12:13   z19 : 0 ok, 6728 échecs
06:12:17   z19 : 0 ok, 6736 échecs
06:12:20   z19 : 0 ok, 6744 échecs
06:12:23   z19 : 0 ok, 6752 échecs
06:12:26   z19 : 0 ok, 6760 échecs
06:12:30   z19 : 0 ok, 6768 échecs
06:12:34   z19 : 0 ok, 6776 échecs
06:12:37   z19 : 0 ok, 6784 échecs
06:12:40   z19 : 0 ok, 6792 échecs
06:12:43   z19 : 0 ok, 6800 échecs
06:12:46   z19 : 0 ok, 6808 échecs
06:12:49   z19 : 0 ok, 6816 échecs
06:12:53   z19 : 0 ok, 6824 échecs
06:12:56   z19 : 0 ok, 6832 échecs
06:13:00   z19 : 0 ok, 6840 échecs
06:13:04   z19 : 0 ok, 6848 échecs
06:13:07   z19 : 0 ok, 6856 échecs
06:13:10   z19 : 0 ok, 6864 échecs
06:13:14   z19 : 0 ok, 6872 échecs
06:13:18   z19 : 0 ok, 6880 échecs
06:13:21   z19 : 0 ok, 6888 échecs
06:13:24   z19 : 0 ok, 6896 échecs
06:13:27   z19 : 0 ok, 6904 échecs
06:13:32   z19 : 0 ok, 6912 échecs
06:13:35   z19 : 0 ok, 6920 échecs
06:13:38   z19 : 0 ok, 6928 échecs
06:13:43   z19 : 0 ok, 6936 échecs
06:13:46   z19 : 0 ok, 6944 échecs
06:13:49   z19 : 0 ok, 6952 échecs
06:13:52   z19 : 0 ok, 6960 échecs
06:13:57   z19 : 0 ok, 6968 échecs
06:14:00   z19 : 0 ok, 6976 échecs
06:14:03   z19 : 0 ok, 6984 échecs
06:14:06   z19 : 0 ok, 6992 échecs
06:14:10   z19 : 0 ok, 7000 échecs
06:14:14   z19 : 0 ok, 7008 échecs
06:14:18   z19 : 0 ok, 7016 échecs
06:14:21   z19 : 0 ok, 7024 échecs
06:14:25   z19 : 0 ok, 7032 échecs
06:14:28   z19 : 0 ok, 7040 échecs
06:14:32   z19 : 0 ok, 7048 échecs
06:14:36   z19 : 0 ok, 7056 échecs
06:14:39   z19 : 0 ok, 7064 échecs
06:14:43   z19 : 0 ok, 7072 échecs
06:14:46   z19 : 0 ok, 7080 échecs
06:14:50   z19 : 0 ok, 7088 échecs
06:14:53   z19 : 0 ok, 7096 échecs
06:14:56   z19 : 0 ok, 7104 échecs
06:15:00   z19 : 0 ok, 7112 échecs
06:15:03   z19 : 0 ok, 7120 échecs
06:15:06   z19 : 0 ok, 7128 échecs
06:15:09   z19 : 0 ok, 7136 échecs
06:15:12   z19 : 0 ok, 7144 échecs
06:15:16   z19 : 0 ok, 7152 échecs
06:15:19   z19 : 0 ok, 7160 échecs
06:15:22   z19 : 0 ok, 7168 échecs
06:15:25   z19 : 0 ok, 7176 échecs
06:15:29   z19 : 0 ok, 7184 échecs
06:15:33   z19 : 0 ok, 7192 échecs
06:15:36   z19 : 0 ok, 7200 échecs
06:15:39   z19 : 0 ok, 7208 échecs
06:15:42   z19 : 0 ok, 7216 échecs
06:15:45   z19 : 0 ok, 7224 échecs
06:15:49   z19 : 0 ok, 7232 échecs
06:15:52   z19 : 0 ok, 7240 échecs
06:15:55   z19 : 0 ok, 7248 échecs
06:15:58   z19 : 0 ok, 7256 échecs
06:16:02   z19 : 0 ok, 7264 échecs
06:16:05   z19 : 0 ok, 7272 échecs
06:16:08   z19 : 0 ok, 7280 échecs
06:16:11   z19 : 0 ok, 7288 échecs
06:16:14   z19 : 0 ok, 7296 échecs
06:16:17   z19 : 0 ok, 7304 échecs
06:16:20   z19 : 0 ok, 7312 échecs
06:16:23   z19 : 0 ok, 7320 échecs
06:16:26   z19 : 0 ok, 7328 échecs
06:16:30   z19 : 0 ok, 7336 échecs
06:16:33   z19 : 0 ok, 7344 échecs
06:16:36   z19 : 0 ok, 7352 échecs
06:16:39   z19 : 0 ok, 7360 échecs
06:16:42   z19 : 0 ok, 7368 échecs
06:16:45   z19 : 0 ok, 7376 échecs
06:16:49   z19 : 0 ok, 7384 échecs
06:16:52   z19 : 0 ok, 7392 échecs
06:16:55   z19 : 0 ok, 7400 échecs
06:16:58   z19 : 0 ok, 7408 échecs
06:17:02   z19 : 0 ok, 7416 échecs
06:17:05   z19 : 0 ok, 7424 échecs
06:17:08   z19 : 0 ok, 7432 échecs
06:17:12   z19 : 0 ok, 7440 échecs
06:17:15   z19 : 0 ok, 7448 échecs
06:17:19   z19 : 0 ok, 7456 échecs
06:17:22   z19 : 0 ok, 7464 échecs
06:17:26   z19 : 0 ok, 7472 échecs
06:17:29   z19 : 0 ok, 7480 échecs
06:17:33   z19 : 0 ok, 7488 échecs
06:17:37   z19 : 0 ok, 7496 échecs
06:17:40   z19 : 0 ok, 7504 échecs
06:17:43   z19 : 0 ok, 7512 échecs
06:17:46   z19 : 0 ok, 7520 échecs
06:17:49   z19 : 0 ok, 7528 échecs
06:17:53   z19 : 0 ok, 7536 échecs
06:17:56   z19 : 0 ok, 7544 échecs
06:17:59   z19 : 0 ok, 7552 échecs
06:18:02   z19 : 0 ok, 7560 échecs
06:18:05   z19 : 0 ok, 7568 échecs
06:18:08   z19 : 0 ok, 7576 échecs
06:18:11   z19 : 0 ok, 7584 échecs
06:18:14   z19 : 0 ok, 7592 échecs
06:18:18   z19 : 0 ok, 7600 échecs
06:18:22   z19 : 0 ok, 7608 échecs
06:18:25   z19 : 0 ok, 7616 échecs
06:18:28   z19 : 0 ok, 7624 échecs
06:18:31   z19 : 0 ok, 7632 échecs
06:18:34   z19 : 0 ok, 7640 échecs
06:18:37   z19 : 0 ok, 7648 échecs
06:18:40   z19 : 0 ok, 7656 échecs
06:18:45   z19 : 0 ok, 7664 échecs
06:18:48   z19 : 0 ok, 7672 échecs
06:18:51   z19 : 0 ok, 7680 échecs
06:18:54   z19 : 0 ok, 7688 échecs
06:18:57   z19 : 0 ok, 7696 échecs
06:19:01   z19 : 0 ok, 7704 échecs
06:19:04   z19 : 0 ok, 7712 échecs
06:19:08   z19 : 0 ok, 7720 échecs
06:19:10   z19 : 0 ok, 7728 échecs
06:19:14   z19 : 0 ok, 7736 échecs
06:19:17   z19 : 0 ok, 7744 échecs
06:19:20   z19 : 0 ok, 7752 échecs
06:19:23   z19 : 0 ok, 7760 échecs
06:19:26   z19 : 0 ok, 7768 échecs
06:19:29   z19 : 0 ok, 7776 échecs
06:19:32   z19 : 0 ok, 7784 échecs
06:19:35   z19 : 0 ok, 7792 échecs
06:19:38   z19 : 0 ok, 7800 échecs
06:19:41   z19 : 0 ok, 7808 échecs
06:19:45   z19 : 0 ok, 7816 échecs
06:19:48   z19 : 0 ok, 7824 échecs
06:19:53   z19 : 0 ok, 7832 échecs
06:19:56   z19 : 0 ok, 7840 échecs
06:19:59   z19 : 0 ok, 7848 échecs
06:20:02   z19 : 0 ok, 7856 échecs
06:20:05   z19 : 0 ok, 7864 échecs
06:20:09   z19 : 0 ok, 7872 échecs
06:20:12   z19 : 0 ok, 7880 échecs
06:20:16   z19 : 0 ok, 7888 échecs
06:20:19   z19 : 0 ok, 7896 échecs
06:20:23   z19 : 0 ok, 7904 échecs
06:20:26   z19 : 0 ok, 7912 échecs
06:20:32   z19 : 0 ok, 7920 échecs
06:20:35   z19 : 0 ok, 7928 échecs
06:20:38   z19 : 0 ok, 7936 échecs
06:20:41   z19 : 0 ok, 7944 échecs
06:20:44   z19 : 0 ok, 7952 échecs
06:20:47   z19 : 0 ok, 7960 échecs
06:20:50   z19 : 0 ok, 7968 échecs
06:20:53   z19 : 0 ok, 7976 échecs
06:20:56   z19 : 0 ok, 7984 échecs
06:21:00   z19 : 0 ok, 7992 échecs
06:21:03   z19 : 0 ok, 8000 échecs
06:21:06   z19 : 0 ok, 8008 échecs
06:21:09   z19 : 0 ok, 8016 échecs
06:21:13   z19 : 0 ok, 8024 échecs
06:21:16   z19 : 0 ok, 8032 échecs
06:21:19   z19 : 0 ok, 8040 échecs
06:21:22   z19 : 0 ok, 8048 échecs
06:21:25   z19 : 0 ok, 8056 échecs
06:21:28   z19 : 0 ok, 8064 échecs
06:21:31   z19 : 0 ok, 8072 échecs
06:21:34   z19 : 0 ok, 8080 échecs
06:21:38   z19 : 0 ok, 8088 échecs
06:21:42   z19 : 0 ok, 8096 échecs
06:21:45   z19 : 0 ok, 8104 échecs
06:21:49   z19 : 0 ok, 8112 échecs
06:21:52   z19 : 0 ok, 8120 échecs
06:21:55   z19 : 0 ok, 8128 échecs
06:21:59   z19 : 0 ok, 8136 échecs
06:22:02   z19 : 0 ok, 8144 échecs
06:22:05   z19 : 0 ok, 8152 échecs
06:22:08   z19 : 0 ok, 8160 échecs
06:22:12   z19 : 0 ok, 8168 échecs
06:22:15   z19 : 0 ok, 8176 échecs
06:22:18   z19 : 0 ok, 8184 échecs
06:22:21   z19 : 0 ok, 8192 échecs
06:22:26   z19 : 0 ok, 8200 échecs
06:22:30   z19 : 0 ok, 8208 échecs
06:22:33   z19 : 0 ok, 8216 échecs
06:22:36   z19 : 0 ok, 8224 échecs
06:22:39   z19 : 0 ok, 8232 échecs
06:22:42   z19 : 0 ok, 8240 échecs
06:22:46   z19 : 0 ok, 8248 échecs
06:22:49   z19 : 0 ok, 8256 échecs
06:22:52   z19 : 0 ok, 8264 échecs
06:22:55   z19 : 0 ok, 8272 échecs
06:22:59   z19 : 0 ok, 8280 échecs
06:23:03   z19 : 0 ok, 8288 échecs
06:23:06   z19 : 0 ok, 8296 échecs
06:23:09   z19 : 0 ok, 8304 échecs
06:23:13   z19 : 0 ok, 8312 échecs
06:23:16   z19 : 0 ok, 8320 échecs
06:23:19   z19 : 0 ok, 8328 échecs
06:23:22   z19 : 0 ok, 8336 échecs
06:23:26   z19 : 0 ok, 8344 échecs
06:23:29   z19 : 0 ok, 8352 échecs
06:23:32   z19 : 0 ok, 8360 échecs
06:23:36   z19 : 0 ok, 8368 échecs
06:23:39   z19 : 0 ok, 8376 échecs
06:23:42   z19 : 0 ok, 8384 échecs
06:23:45   z19 : 0 ok, 8392 échecs
06:23:48   z19 : 0 ok, 8400 échecs
06:23:51   z19 : 0 ok, 8408 échecs
06:23:54   z19 : 0 ok, 8416 échecs
06:23:58   z19 : 0 ok, 8424 échecs
06:24:01   z19 : 0 ok, 8432 échecs
06:24:04   z19 : 0 ok, 8440 échecs
06:24:08   z19 : 0 ok, 8448 échecs
06:24:11   z19 : 0 ok, 8456 échecs
06:24:14   z19 : 0 ok, 8464 échecs
06:24:17   z19 : 0 ok, 8472 échecs
06:24:21   z19 : 0 ok, 8480 échecs
06:24:23   z19 : 0 ok, 8488 échecs
06:24:27   z19 : 0 ok, 8496 échecs
06:24:30   z19 : 0 ok, 8504 échecs
06:24:33   z19 : 0 ok, 8512 échecs
06:24:37   z19 : 0 ok, 8520 échecs
06:24:40   z19 : 0 ok, 8528 échecs
06:24:43   z19 : 0 ok, 8536 échecs
06:24:46   z19 : 0 ok, 8544 échecs
06:24:49   z19 : 0 ok, 8552 échecs
06:24:53   z19 : 0 ok, 8560 échecs
06:24:56   z19 : 0 ok, 8568 échecs
06:24:59   z19 : 0 ok, 8576 échecs
06:25:02   z19 : 0 ok, 8584 échecs
06:25:05   z19 : 0 ok, 8592 échecs
06:25:08   z19 : 0 ok, 8600 échecs
06:25:11   z19 : 0 ok, 8608 échecs
06:25:14   z19 : 0 ok, 8616 échecs
06:25:17   z19 : 0 ok, 8624 échecs
06:25:20   z19 : 0 ok, 8632 échecs
06:25:24   z19 : 0 ok, 8640 échecs
06:25:27   z19 : 0 ok, 8648 échecs
06:25:30   z19 : 0 ok, 8656 échecs
06:25:33   z19 : 0 ok, 8664 échecs
06:25:36   z19 : 0 ok, 8672 échecs
06:25:40   z19 : 0 ok, 8680 échecs
06:25:43   z19 : 0 ok, 8688 échecs
06:25:46   z19 : 0 ok, 8696 échecs
06:25:49   z19 : 0 ok, 8704 échecs
06:25:52   z19 : 0 ok, 8712 échecs
06:25:55   z19 : 0 ok, 8720 échecs
06:25:58   z19 : 0 ok, 8728 échecs
06:26:02   z19 : 0 ok, 8736 échecs
06:26:05   z19 : 0 ok, 8744 échecs
06:26:08   z19 : 0 ok, 8752 échecs
06:26:13   z19 : 0 ok, 8760 échecs
06:26:16   z19 : 0 ok, 8768 échecs
06:26:19   z19 : 0 ok, 8776 échecs
06:26:22   z19 : 0 ok, 8784 échecs
06:26:25   z19 : 0 ok, 8792 échecs
06:26:28   z19 : 0 ok, 8800 échecs
06:26:32   z19 : 0 ok, 8808 échecs
06:26:34   z19 : 0 ok, 8816 échecs
06:26:38   z19 : 0 ok, 8824 échecs
06:26:41   z19 : 0 ok, 8832 échecs
06:26:44   z19 : 0 ok, 8840 échecs
06:26:47   z19 : 0 ok, 8848 échecs
06:26:50   z19 : 0 ok, 8856 échecs
06:26:53   z19 : 0 ok, 8864 échecs
06:26:56   z19 : 0 ok, 8872 échecs
06:26:59   z19 : 0 ok, 8880 échecs
06:27:02   z19 : 0 ok, 8888 échecs
06:27:05   z19 : 0 ok, 8896 échecs
06:27:09   z19 : 0 ok, 8904 échecs
06:27:12   z19 : 0 ok, 8912 échecs
06:27:15   z19 : 0 ok, 8920 échecs
06:27:18   z19 : 0 ok, 8928 échecs
06:27:21   z19 : 0 ok, 8936 échecs
06:27:24   z19 : 0 ok, 8944 échecs
06:27:27   z19 : 0 ok, 8952 échecs
06:27:31   z19 : 0 ok, 8960 échecs
06:27:33   z19 : 0 ok, 8968 échecs
06:27:36   z19 : 0 ok, 8976 échecs
06:27:40   z19 : 0 ok, 8984 échecs
06:27:43   z19 : 0 ok, 8992 échecs
06:27:46   z19 : 0 ok, 9000 échecs
06:27:48   z19 : 0 ok, 9008 échecs
06:27:52   z19 : 0 ok, 9016 échecs
06:27:55   z19 : 0 ok, 9024 échecs
06:27:59   z19 : 0 ok, 9032 échecs
06:28:03   z19 : 0 ok, 9040 échecs
06:28:06   z19 : 0 ok, 9048 échecs
06:28:09   z19 : 0 ok, 9056 échecs
06:28:13   z19 : 0 ok, 9064 échecs
06:28:16   z19 : 0 ok, 9072 échecs
06:28:19   z19 : 0 ok, 9080 échecs
06:28:22   z19 : 0 ok, 9088 échecs
06:28:25   z19 : 0 ok, 9096 échecs
06:28:28   z19 : 0 ok, 9104 échecs
06:28:31   z19 : 0 ok, 9112 échecs
06:28:34   z19 : 0 ok, 9120 échecs
06:28:37   z19 : 0 ok, 9128 échecs
06:28:42   z19 : 0 ok, 9136 échecs
06:28:45   z19 : 0 ok, 9144 échecs
06:28:48   z19 : 0 ok, 9152 échecs
06:28:51   z19 : 0 ok, 9160 échecs
06:28:54   z19 : 0 ok, 9168 échecs
06:28:57   z19 : 0 ok, 9176 échecs
06:29:00   z19 : 0 ok, 9184 échecs
06:29:03   z19 : 0 ok, 9192 échecs
06:29:06   z19 : 0 ok, 9200 échecs
06:29:09   z19 : 0 ok, 9208 échecs
06:29:13   z19 : 0 ok, 9216 échecs
06:29:16   z19 : 0 ok, 9224 échecs
06:29:19   z19 : 0 ok, 9232 échecs
06:29:22   z19 : 0 ok, 9240 échecs
06:29:25   z19 : 0 ok, 9248 échecs
06:29:28   z19 : 0 ok, 9256 échecs
06:29:32   z19 : 0 ok, 9264 échecs
06:29:36   z19 : 0 ok, 9272 échecs
06:29:39   z19 : 0 ok, 9280 échecs
06:29:42   z19 : 0 ok, 9288 échecs
06:29:45   z19 : 0 ok, 9296 échecs
06:29:48   z19 : 0 ok, 9304 échecs
06:29:51   z19 : 0 ok, 9312 échecs
06:29:55   z19 : 0 ok, 9320 échecs
06:29:58   z19 : 0 ok, 9328 échecs
06:30:03   z19 : 0 ok, 9336 échecs
06:30:06   z19 : 0 ok, 9344 échecs
06:30:09   z19 : 0 ok, 9352 échecs
06:30:12   z19 : 0 ok, 9360 échecs
06:30:15   z19 : 0 ok, 9368 échecs
06:30:18   z19 : 0 ok, 9376 échecs
06:30:21   z19 : 0 ok, 9384 échecs
06:30:24   z19 : 0 ok, 9392 échecs
06:30:28   z19 : 0 ok, 9400 échecs
06:30:31   z19 : 0 ok, 9408 échecs
06:30:34   z19 : 0 ok, 9416 échecs
06:30:37   z19 : 0 ok, 9424 échecs
06:30:42   z19 : 0 ok, 9432 échecs
06:30:45   z19 : 0 ok, 9440 échecs
06:30:48   z19 : 0 ok, 9448 échecs
06:30:51   z19 : 0 ok, 9456 échecs
06:30:55   z19 : 0 ok, 9464 échecs
06:30:59   z19 : 0 ok, 9472 échecs
06:31:02   z19 : 0 ok, 9480 échecs
06:31:05   z19 : 0 ok, 9488 échecs
06:31:08   z19 : 0 ok, 9496 échecs
06:31:12   z19 : 0 ok, 9504 échecs
06:31:15   z19 : 0 ok, 9512 échecs
06:31:18   z19 : 0 ok, 9520 échecs
06:31:21   z19 : 0 ok, 9528 échecs
06:31:24   z19 : 0 ok, 9536 échecs
06:31:27   z19 : 0 ok, 9544 échecs
06:31:31   z19 : 0 ok, 9552 échecs
06:31:34   z19 : 0 ok, 9560 échecs
06:31:38   z19 : 0 ok, 9568 échecs
06:31:41   z19 : 0 ok, 9576 échecs
06:31:44   z19 : 0 ok, 9584 échecs
06:31:47   z19 : 0 ok, 9592 échecs
06:31:50   z19 : 0 ok, 9600 échecs
06:31:53   z19 : 0 ok, 9608 échecs
06:31:56   z19 : 0 ok, 9616 échecs
06:31:59   z19 : 0 ok, 9624 échecs
06:32:02   z19 : 0 ok, 9632 échecs
06:32:05   z19 : 0 ok, 9640 échecs
06:32:08   z19 : 0 ok, 9648 échecs
06:32:11   z19 : 0 ok, 9656 échecs
06:32:14   z19 : 0 ok, 9664 échecs
06:32:17   z19 : 0 ok, 9672 échecs
06:32:20   z19 : 0 ok, 9680 échecs
06:32:24   z19 : 0 ok, 9688 échecs
06:32:27   z19 : 0 ok, 9696 échecs
06:32:30   z19 : 0 ok, 9704 échecs
06:32:33   z19 : 0 ok, 9712 échecs
06:32:36   z19 : 0 ok, 9720 échecs
06:32:39   z19 : 0 ok, 9728 échecs
06:32:42   z19 : 0 ok, 9736 échecs
06:32:45   z19 : 0 ok, 9744 échecs
06:32:49   z19 : 0 ok, 9752 échecs
06:32:52   z19 : 0 ok, 9760 échecs
06:32:55   z19 : 0 ok, 9768 échecs
06:32:58   z19 : 0 ok, 9776 échecs
06:33:01   z19 : 0 ok, 9784 échecs
06:33:05   z19 : 0 ok, 9792 échecs
06:33:08   z19 : 0 ok, 9800 échecs
06:33:11   z19 : 0 ok, 9808 échecs
06:33:14   z19 : 0 ok, 9816 échecs
06:33:17   z19 : 0 ok, 9824 échecs
06:33:20   z19 : 0 ok, 9832 échecs
06:33:23   z19 : 0 ok, 9840 échecs
06:33:26   z19 : 0 ok, 9848 échecs
06:33:30   z19 : 0 ok, 9856 échecs
06:33:33   z19 : 0 ok, 9864 échecs
06:33:36   z19 : 0 ok, 9872 échecs
06:33:39   z19 : 0 ok, 9880 échecs
06:33:42   z19 : 0 ok, 9888 échecs
06:33:45   z19 : 0 ok, 9896 échecs
06:33:48   z19 : 0 ok, 9904 échecs
06:33:52   z19 : 0 ok, 9912 échecs
06:33:55   z19 : 0 ok, 9920 échecs
06:33:58   z19 : 0 ok, 9928 échecs
06:34:01   z19 : 0 ok, 9936 échecs
06:34:04   z19 : 0 ok, 9944 échecs
06:34:07   z19 : 0 ok, 9952 échecs
06:34:10   z19 : 0 ok, 9960 échecs
06:34:13   z19 : 0 ok, 9968 échecs
06:34:18   z19 : 0 ok, 9976 échecs
06:34:21   z19 : 0 ok, 9984 échecs
06:34:24   z19 : 0 ok, 9992 échecs
06:34:27   z19 : 0 ok, 10000 échecs
06:34:30   z19 : 0 ok, 10008 échecs
06:34:33   z19 : 0 ok, 10016 échecs
06:34:36   z19 : 0 ok, 10024 échecs
06:34:39   z19 : 0 ok, 10032 échecs
06:34:42   z19 : 0 ok, 10040 échecs
06:34:47   z19 : 0 ok, 10048 échecs
06:34:50   z19 : 0 ok, 10056 échecs
06:34:53   z19 : 0 ok, 10064 échecs
06:34:56   z19 : 0 ok, 10072 échecs
06:35:01   z19 : 0 ok, 10080 échecs
06:35:04   z19 : 0 ok, 10088 échecs
06:35:07   z19 : 0 ok, 10096 échecs
06:35:10   z19 : 0 ok, 10104 échecs
06:35:13   z19 : 0 ok, 10112 échecs
06:35:16   z19 : 0 ok, 10120 échecs
06:35:20   z19 : 0 ok, 10128 échecs
06:35:23   z19 : 0 ok, 10136 échecs
06:35:26   z19 : 0 ok, 10144 échecs
06:35:29   z19 : 0 ok, 10152 échecs
06:35:32   z19 : 0 ok, 10160 échecs
06:35:35   z19 : 0 ok, 10168 échecs
06:35:38   z19 : 0 ok, 10176 échecs
06:35:41   z19 : 0 ok, 10184 échecs
06:35:45   z19 : 0 ok, 10192 échecs
06:35:48   z19 : 0 ok, 10200 échecs
06:35:51   z19 : 0 ok, 10208 échecs
06:35:54   z19 : 0 ok, 10216 échecs
06:35:57   z19 : 0 ok, 10224 échecs
06:36:00   z19 : 0 ok, 10232 échecs
06:36:03   z19 : 0 ok, 10240 échecs
06:36:06   z19 : 0 ok, 10248 échecs
06:36:09   z19 : 0 ok, 10256 échecs
06:36:12   z19 : 0 ok, 10264 échecs
06:36:15   z19 : 0 ok, 10272 échecs
06:36:18   z19 : 0 ok, 10280 échecs
06:36:22   z19 : 0 ok, 10288 échecs
06:36:24   z19 : 0 ok, 10296 échecs
06:36:27   z19 : 0 ok, 10304 échecs
06:36:30   z19 : 0 ok, 10312 échecs
06:36:33   z19 : 0 ok, 10320 échecs
06:36:36   z19 : 0 ok, 10328 échecs
06:36:39   z19 : 0 ok, 10336 échecs
06:36:42   z19 : 0 ok, 10344 échecs
06:36:46   z19 : 0 ok, 10352 échecs
06:36:49   z19 : 0 ok, 10360 échecs
06:36:52   z19 : 0 ok, 10368 échecs
06:36:55   z19 : 0 ok, 10376 échecs
06:36:58   z19 : 0 ok, 10384 échecs
06:37:02   z19 : 0 ok, 10392 échecs
06:37:05   z19 : 0 ok, 10400 échecs
06:37:08   z19 : 0 ok, 10408 échecs
06:37:11   z19 : 0 ok, 10416 échecs
06:37:14   z19 : 0 ok, 10424 échecs
06:37:17   z19 : 0 ok, 10432 échecs
06:37:20   z19 : 0 ok, 10440 échecs
06:37:23   z19 : 0 ok, 10448 échecs
06:37:27   z19 : 0 ok, 10456 échecs
06:37:30   z19 : 0 ok, 10464 échecs
06:37:33   z19 : 0 ok, 10472 échecs
06:37:36   z19 : 0 ok, 10480 échecs
06:37:39   z19 : 0 ok, 10488 échecs
06:37:42   z19 : 0 ok, 10496 échecs
06:37:45   z19 : 0 ok, 10504 échecs
06:37:48   z19 : 0 ok, 10512 échecs
06:37:51   z19 : 0 ok, 10520 échecs
06:37:54   z19 : 0 ok, 10528 échecs
06:37:57   z19 : 0 ok, 10536 échecs
06:38:00   z19 : 0 ok, 10544 échecs
06:38:03   z19 : 0 ok, 10552 échecs
06:38:06   z19 : 0 ok, 10560 échecs
06:38:10   z19 : 0 ok, 10568 échecs
06:38:13   z19 : 0 ok, 10576 échecs
06:38:16   z19 : 0 ok, 10584 échecs
06:38:19   z19 : 0 ok, 10592 échecs
06:38:22   z19 : 0 ok, 10600 échecs
06:38:25   z19 : 0 ok, 10608 échecs
06:38:28   z19 : 0 ok, 10616 échecs
06:38:32   z19 : 0 ok, 10624 échecs
06:38:34   z19 : 0 ok, 10632 échecs
06:38:38   z19 : 0 ok, 10640 échecs
06:38:41   z19 : 0 ok, 10648 échecs
06:38:45   z19 : 0 ok, 10656 échecs
06:38:48   z19 : 0 ok, 10664 échecs
06:38:51   z19 : 0 ok, 10672 échecs
06:38:54   z19 : 0 ok, 10680 échecs
06:38:57   z19 : 0 ok, 10688 échecs
06:38:59   z19 : 0 ok, 10696 échecs
06:39:04   z19 : 0 ok, 10704 échecs
06:39:07   z19 : 0 ok, 10712 échecs
06:39:10   z19 : 0 ok, 10720 échecs
06:39:14   z19 : 0 ok, 10728 échecs
06:39:18   z19 : 0 ok, 10736 échecs
06:39:21   z19 : 0 ok, 10744 échecs
06:39:24   z19 : 0 ok, 10752 échecs
06:39:27   z19 : 0 ok, 10760 échecs
06:39:30   z19 : 0 ok, 10768 échecs
06:39:33   z19 : 0 ok, 10776 échecs
06:39:36   z19 : 0 ok, 10784 échecs
06:39:39   z19 : 0 ok, 10792 échecs
06:39:43   z19 : 0 ok, 10800 échecs
06:39:46   z19 : 0 ok, 10808 échecs
06:39:49   z19 : 0 ok, 10816 échecs
06:39:52   z19 : 0 ok, 10824 échecs
06:39:55   z19 : 0 ok, 10832 échecs
06:39:58   z19 : 0 ok, 10840 échecs
06:40:01   z19 : 0 ok, 10848 échecs
06:40:04   z19 : 0 ok, 10856 échecs
06:40:07   z19 : 0 ok, 10864 échecs
06:40:11   z19 : 0 ok, 10872 échecs
06:40:14   z19 : 0 ok, 10880 échecs
06:40:17   z19 : 0 ok, 10888 échecs
06:40:21   z19 : 0 ok, 10896 échecs
06:40:24   z19 : 0 ok, 10904 échecs
06:40:29   z19 : 0 ok, 10912 échecs
06:40:32   z19 : 0 ok, 10920 échecs
06:40:35   z19 : 0 ok, 10928 échecs
06:40:39   z19 : 0 ok, 10936 échecs
06:40:43   z19 : 0 ok, 10944 échecs
06:40:46   z19 : 0 ok, 10952 échecs
06:40:49   z19 : 0 ok, 10960 échecs
06:40:53   z19 : 0 ok, 10968 échecs
06:40:56   z19 : 0 ok, 10976 échecs
06:40:59   z19 : 0 ok, 10984 échecs
06:41:03   z19 : 0 ok, 10992 échecs
06:41:06   z19 : 0 ok, 11000 échecs
06:41:09   z19 : 0 ok, 11008 échecs
06:41:12   z19 : 0 ok, 11016 échecs
06:41:15   z19 : 0 ok, 11024 échecs
06:41:18   z19 : 0 ok, 11032 échecs
06:41:21   z19 : 0 ok, 11040 échecs
06:41:25   z19 : 0 ok, 11048 échecs
06:41:25 [orthophoto z19] terminé : 0 ok, 11048 échecs
09:52:02 [batiments] déjà téléchargé (cache)
09:52:02 [routes] téléchargement…
09:52:02   -> https://overpass-api.de/api/interpreter
09:52:06 [zones] téléchargement…
09:52:06   -> https://overpass-api.de/api/interpreter
09:52:17 [littoral] déjà téléchargé (cache)
09:52:17 [lieux] déjà téléchargé (cache)
09:52:17 [noms] déjà téléchargé (cache)
09:52:17 [commerces] déjà téléchargé (cache)
09:52:17 [sommets] déjà téléchargé (cache)
09:52:17 [numeros] déjà téléchargé (cache)
09:52:17 [mobilier2] déjà téléchargé (cache)
09:52:17 [mobilier3] déjà téléchargé (cache)
09:52:17 [arbres] déjà téléchargé (cache)
09:52:17 [relief] tuiles AWS Terrarium…
09:52:17 [orthophoto] tuiles IGN…
09:52:17 [cadastre_batiments] déjà téléchargé (cache)
09:52:17 [bdtopo_routes] déjà téléchargé (cache)
09:52:17   [cadastre] 3 bâtiment(s) conservé(s) malgré l'absence de correspondance directe : secteur(s) entier(s) non numérisé(s) au PCI (pas une démolition)
09:52:18 [cadastre/BD TOPO] 56 bâtiment(s) sans contrepartie cadastrale retiré(s), 14 tronçon(s) routier(s) orphelin(s) retiré(s)
09:52:18 OK : 2693 bâtiments, 8 arbres, 976 routes/rails/cours d'eau, 488 zones, relief oui
14:54:41 [batiments] déjà téléchargé (cache)
14:54:41 [routes] téléchargement…
14:54:41   -> https://overpass-api.de/api/interpreter
14:54:48      échec : HTTP 504 
14:55:08   -> https://overpass.private.coffee/api/interpreter
14:57:11      échec : HTTP 504 
14:57:31   -> https://overpass.kumi.systems/api/interpreter
15:02:28      échec : HTTP 502 
15:02:28   -> https://maps.mail.ru/osm/tools/overpass/api/interpreter
15:02:29      échec : HTTP 504 
15:02:49   -> https://overpass-api.de/api/interpreter
15:02:57      échec : HTTP 504 
15:03:17   -> https://overpass.private.coffee/api/interpreter
15:05:07      échec : HTTP 504 
15:05:27   -> https://overpass.kumi.systems/api/interpreter
15:11:07      échec : HTTP 0 Operation timed out after 170001 milliseconds with 0 bytes received
15:11:07   -> https://maps.mail.ru/osm/tools/overpass/api/interpreter
15:11:23 [zones] téléchargement…
15:11:23   -> https://overpass-api.de/api/interpreter
15:11:31      échec : HTTP 504 
15:11:51   -> https://overpass.private.coffee/api/interpreter
15:13:55 [batiments] déjà téléchargé (cache)
15:13:55 [routes] déjà téléchargé (cache)
15:13:55 [zones] téléchargement…
15:13:55   -> https://overpass-api.de/api/interpreter
15:14:02      échec : HTTP 504 
15:14:22   -> https://overpass.private.coffee/api/interpreter
15:16:28      échec : HTTP 504 
15:16:48   -> https://overpass.kumi.systems/api/interpreter
15:17:31      échec : HTTP 0 Operation timed out after 170001 milliseconds with 0 bytes received
15:17:31   -> https://overpass.kumi.systems/api/interpreter
15:21:21      échec : HTTP 504 
15:21:41   -> https://maps.mail.ru/osm/tools/overpass/api/interpreter
15:21:41      échec : HTTP 504 
15:22:01   -> https://overpass-api.de/api/interpreter
15:22:10      échec : HTTP 504 
15:22:30   -> https://overpass.private.coffee/api/interpreter
15:23:11      échec : HTTP 0 Operation timed out after 170000 milliseconds with 0 bytes received
15:23:11   -> https://maps.mail.ru/osm/tools/overpass/api/interpreter
15:23:29 [littoral] déjà téléchargé (cache)
15:23:29 [lieux] déjà téléchargé (cache)
15:23:29 [noms] déjà téléchargé (cache)
15:23:29 [commerces] déjà téléchargé (cache)
15:23:29 [sommets] déjà téléchargé (cache)
15:23:29 [numeros] déjà téléchargé (cache)
15:23:29 [mobilier2] déjà téléchargé (cache)
15:23:29 [mobilier3] déjà téléchargé (cache)
15:23:29 [arbres] déjà téléchargé (cache)
15:23:29 [relief] tuiles AWS Terrarium…
15:23:29 [orthophoto] tuiles IGN…
15:23:29 [cadastre_batiments] déjà téléchargé (cache)
15:23:29 [bdtopo_routes] déjà téléchargé (cache)
15:23:29   [cadastre] 3 bâtiment(s) conservé(s) malgré l'absence de correspondance directe : secteur(s) entier(s) non numérisé(s) au PCI (pas une démolition)
15:23:29 [cadastre/BD TOPO] 56 bâtiment(s) sans contrepartie cadastrale retiré(s), 14 tronçon(s) routier(s) orphelin(s) retiré(s)
15:23:29 OK : 2693 bâtiments, 8 arbres, 976 routes/rails/cours d'eau, 488 zones, relief oui
15:28:10      échec : HTTP 0 Operation timed out after 170000 milliseconds with 0 bytes received
15:28:10   -> https://overpass.kumi.systems/api/interpreter
15:30:12      échec : HTTP 504 
15:30:32   -> https://maps.mail.ru/osm/tools/overpass/api/interpreter
15:30:33      échec : HTTP 504 
15:30:53 [zones] ÉCHEC
15:30:53 [littoral] déjà téléchargé (cache)
15:30:53 [lieux] déjà téléchargé (cache)
15:30:53 [noms] déjà téléchargé (cache)
15:30:53 [commerces] déjà téléchargé (cache)
15:30:53 [sommets] déjà téléchargé (cache)
15:30:53 [numeros] déjà téléchargé (cache)
15:30:53 [mobilier2] déjà téléchargé (cache)
15:30:53 [mobilier3] déjà téléchargé (cache)
15:30:53 [arbres] déjà téléchargé (cache)
15:30:53 [relief] tuiles AWS Terrarium…
15:30:53 [orthophoto] tuiles IGN…
15:30:53 [cadastre_batiments] déjà téléchargé (cache)
15:30:53 [bdtopo_routes] déjà téléchargé (cache)
15:30:53   [cadastre] 3 bâtiment(s) conservé(s) malgré l'absence de correspondance directe : secteur(s) entier(s) non numérisé(s) au PCI (pas une démolition)
15:30:53 [cadastre/BD TOPO] 56 bâtiment(s) sans contrepartie cadastrale retiré(s), 14 tronçon(s) routier(s) orphelin(s) retiré(s)
15:30:53 OK : 2693 bâtiments, 8 arbres, 976 routes/rails/cours d'eau, 1 zones, relief oui
15:30:53 ATTENTION : zones (forêts, eau…) non téléchargées, relancez la commande.
